"id","name","description","state","region","sector","length","height","author","name_history","date_tense","date_insertion","time_approach","time_tensioning","rating","created_at","updated_at","published_at","created_by_id","updated_by_id"
576,Urban Červený Harcov,"Kotvení Most(trubky) -&gt; Strom, ideální lajna pro začátky nebo párty na mostě spojené se skákáním z mostu :-)",Česká republika,Liberecký,"Liberec, Koleje Harcov",23,12,stanely,,2010-06-19,,,,1,,,,,
584,Kozatá,"",Česká republika,Ústecký,Bořeň,29,20,Kwjet,,2009-04-02,,,,3,,2022-10-22 13:11:29.610,2022-10-22 13:11:29.604,,1
578,Tyršovská,kotvení za konstrukci,Česká republika,Plzeňský,Plzeň,35,10,Tomáš Komínek & Michal ,,2009-10-05,,,,1,,,,,
579,Železniční,kotvení za konstrukci,Česká republika,Plzeňský,Plzeň,10,10,Honzís,,2010-01-30,,,,1,,,,,
581,Pilíře,"",Česká republika,Plzeňský,Plzeň,52,8,Honzís,,2008-07-20,,,,1,,,,,
582,Lost Arrow Spire Classic,"Prvni prelez: Scott Balcom - 1985

Kotveni na jednej strane (big flake) - friendy, heksy + 1 nyt. Kotveni na vezi - nyty",USA,CA,Yosemite,17,880,Daemon,,2010-06-21,,,,5,,,,,
583,Vypálený chodidla,"HL vede ze Lvíčka na Sokola. Na Lvíčka přeskokem za II. Na Sokola doporučuju Údolní stěnu za VI. Kotvení: Na Lvíčkovi obhozenej blok (dva spojený čtyřmetrový spamsety). Na Sokoloj ovázaná borovice, back-up dojištenej za slaňák, lajna přitažená k dobíráku. NENAPÍNAT JENOM ZA DOBÍRÁK !!! NELÉZT PO DEŠTI! ",Česká republika,Středočeský,Drábky,23,25,"",,2010-07-12,,,,3,,,,,
587,Kružberkská vrtule,"Pravděpodobně první hajlajna v širším okolí opavy, prvním výjezdem nepokořena.

Kotvení lajny za borovice, lano dojištěno friendy, vklíněnci, smyčkami...

",Česká republika,Moravskoslezský,Kružberk,26,20,ondra a matesh,,2010-07-21,,,,2,,2022-10-22 13:13:40.890,2022-10-22 13:13:40.884,,1
588,Malej Huhulák,"vede z Morice na Soví věž
kotvení: 3 m spanset (ideálně víc) na každý straně na obhození šutrů (dávat bacha, aby se spansety nevysmekly)",Česká republika,Vysočina,Himmelreich,33,15,Kwjet,,2010-07-16,,,,2,,,,,
580,Kulturní,"kotvení za konstrukci, 
montáž ze servisních-pohyblivých lávek",Česká republika,Plzeňský,Plzeň,16,10,Honzís,,2010-05-23,,,,1,,2022-10-22 13:14:24.356,2022-10-22 13:14:24.348,,1
592,Trpasličí,Problematické kotvení na obou stranách. Na vyhlídce rezavé zábradlí - nutno jistit až ke kříži. Na Skřítkoj volné desky na vrchu - kotvení za krk vrcholové hlavy. ,Česká republika,Liberecký,Jizerské hory - Paličník,18,15,Kajoch,,2010-09-05,,,,1,,,,,
590,Master of the Universe,"lajna vede ze Střední rohový věže na Kořenáč; kotvení dohromady necelejch 20 m spansetů, obhazujou se vršky skal..",Česká republika,Ústecký,Ostrov,95,35,"Janek, Jerry, Faith, Jordan, K",,2010-08-29,,,,4,,2022-10-22 13:25:03.459,2022-10-22 13:25:03.449,,1
604,Que Vadis,"Na každou stranu asi 8m spansetů na hlavní kotvení+něco na backup. uprostřed dva zdatné stromy, ale nevadí, ačkoliv padat v tom místě asi neni nejlepší nápad :-)",Česká republika,Liberecký,Bezděčín,56,20,"",,2011-03-05,,,,2,,2022-10-22 13:42:43.887,2022-10-22 13:42:43.880,,1
595,Vánoční,"",Česká republika,Liberecký,Suché skály,12,30,Kajoch,,2009-12-27,,,,3,,,,,
596,Německá,Lajna mezi Širokou věží a Tureckou stěnou,Česká republika,Ústecký,Ostrov,15,20,Kajoch,,2008-05-02,,,,2,,,,,
796,Vlhká Kačenka,,,,,75,9,Lukáš Černý,,,,,,,2022-10-22 17:09:02.334,2022-10-22 17:09:02.334,,1,1
598,Maják-Ape (Záškolácká),"Na Majáku stačí třímetrová nekonečná smyčka u Apeho omotání kusu věže lanem nebo spojení 2,5-2-2m spanstů

Expozice je luxusní na jedné straně Adršpach na druhé straně Zdoňov a zá zády Sněžka musí být jen dobrá viditelnost..

",Česká republika,Královéhradecký,Adršpach\/Křížový vrch,31,25,Adrlines,,2010-10-14,,,,4,,,,,
797,projekt 130,,Česká Republika,Český Kras,malá Amerika,130,40,neznámý,,,,,,,2022-10-22 17:13:46.018,2022-10-22 17:13:46.018,,1,1
798,Grand Virgin Line,Lajna mezi Pannou a babou na Troskách.,,,,40,86,Matyáš Veselý,,,,,,,2022-10-22 17:26:25.327,2022-10-22 17:26:25.327,,1,1
601,Mládí vpřed!,"lajna vede ze Skalního hradu na Sokola.. kotvení za borovičky, bekap za dobíráky a šutry kolem..",Česká republika,Středočeský,Drábky,50,35,Kwjet,,2010-10-30,,,,2,,,,,
602,Mechobeton 20\/12,"Pražská HL v Šárce v sektoru Žabák. Poměrně user friendly. Kotvení spansety (4 a 5m) za skalní bloky. Na straně u Žabáku dávat pozor, aby blok neodpochodoval i s kotvením do údolí - pojistit. Krásný výhled do údolí a možnost lezení.",Česká republika,Hlavní město Praha,Praha - Šárka,20,12,"",,2010-11-06,,,,1,,,,,
597,Big Boy,"",Polsko,Dolnoslezské,Sokoliki,13,30,KudŁATY,,2007-05-19,,,,3,,2022-10-22 12:05:37.986,2022-10-22 12:05:37.979,,1
593,Camino Del Rey,"Zajímavé místo v soutězce, ale všchny lávky jsou v dezolátním stavu a naprosto nedůvěryhodné pro kotvení. 
Pro další akce by bylo lépe navrtat kotvení.",Španělsko,AL,El Chorro,10,25,Kajoch,,2007-12-31,,,,2,,2022-10-22 12:15:17.785,2022-10-22 12:15:17.777,,1
585,Cukrovarák,"Na Cukrovarském komíně obhození celé věže, dojištění za slaňák a poslední kruh Kampaňové cesty. Na Karbaníku hlavní kotvení za hrot nejblíže k Cukrovaráku. Dojištění obhozem celé skály (3 obhozy 80m statiky). NEKOTVIT POUZE ZA SLAŇÁK!!! Lezení povoleno od 1.5. - 30.11. a 48hod po dešti!",Česká republika,Královéhradecký,Adršpach,10,15,"Renan Ozturk, Cedar Wright",,2010-07-15,,,,3,,2022-10-22 12:27:40.537,2022-10-22 12:27:40.529,,1
599,Druhá Kunčická,"V ostré levotočivé zatáčce do kopce je po pravě straně kunčický Grand Kaňon.Z levé strany dobrý přístup ke kotvícímu stromu, z druhé strany se musí na strom vyšplhat. :-)",Česká republika,Královéhradecký,Vrchlabsko,9,8,Spy.Dr,,2010-10-17,,,,1,,2022-10-22 12:37:24.153,2022-10-22 12:37:24.146,,1
607,Davová Psychóza,"Na jednu stranu 9,5m spansetů, na druhou asi 8m?+ něco na backup.
",Česká Republika,Český ráj,Klokočí,20,20,"","",2011-03-13,,,,3,,2022-10-22 12:30:34.429,2022-10-22 12:29:50.465,,1
605,Eis Caffee,"",Česká republika,Liberecký,Besedice,13,13,"",,2011-03-06,,,,2,,2022-10-22 12:38:33.830,2022-10-22 12:38:33.822,,1
594,Escalera Arabe,"Věžičku obhodit - ve stěně provázat složitého pavouka, který zasahuje do několika lezeckých cest a to by mohlo někomu vadit :-(",Španělsko,AL,El Chorro,20,10,Kajoch,,2008-03-21,,,,3,,2022-10-22 12:41:22.150,2022-10-22 12:41:22.142,,1
600,Grand Finále,"",Česká republika,Královéhradecký,"",15,9,Spy.Dr,,2010-10-24,,,,1,,2022-10-22 12:46:30.008,2022-10-22 12:46:30.000,,1
586,Guánoline,"Speciální lajna pro speciální příležitosti. Natahuje se pro účely pobavení návštěvníků hradu Kost. Z hlavní věže plné holubích mrtvol a hoven (odtud ne zcela přesný název), do okna Paláce.",Česká republika,Liberecký,Kost,13,10,"",,2010-04-25,,,,1,,2022-10-22 12:47:51.046,2022-10-22 12:47:51.038,,1
577,Hradlajn,"",Česká republika,Plzeňský,Vlčtejn,17,10,Honzís,,2009-05-03,,,,1,,2022-10-22 12:56:09.965,2022-10-22 12:56:09.956,,1
606,Instantní Housle,"User Friendly :-)
",Česká Republika,Český ráj,Klokočí,26,15,"","",2011-03-12,,,,2,,2022-10-22 12:57:35.324,2022-10-22 12:57:35.316,,1
591,Island King,"lajna vede ze Střední rohový věže na Špičák; celkem asi 20 metrů spansetů na kotvení, obhazujou se vršky obou věží.. napínací systém je na Rohový věži..",Česká republika,Ústecký,Ostrov,56,30,Kwjet,,2010-08-27,,,,3,,2022-10-22 12:59:15.873,2022-10-22 12:59:15.865,,1
608,Trn v patě,"lajna je na soukromým pozemku, takže setup musí bejt rychlej, nebo přijde vyhazovač Vasil.. celkem 15 spansetů..",Česká republika,Hlavní město Praha,Praha,29,15,Slackshop Team,,2011-03-24,,,,2,,,,,
629,Kontraband,"Lajna se kotví u stromu od Alter wegu, který je blíž Slackturnu a 4m spansety se protáhnou pod velký kámen ležící na vrcholu. Na druhé straně kotvení také za strom a vytažení 6m spansetů do spáry uprostřed vrcholu. Lajna křižuje Slackturn, první natažení bylo od Němců.",Česká republika,Ústecký,Ostrov,36,20,Němci,,2010-10-07,,,,2,,2022-10-22 13:10:40.330,2022-10-22 13:10:40.322,,1
610,Po větvovém flámu,"Lajna vede nad roklí cca 200 m od Vysáku. Kotví se za stromy.Na jedné straně mega strom asi 60 cm průměr, naproti se musí ze stráně naslaňovat ke stromu ve skalní stěně (má hodně členitý spodek).",Česká republika,Královéhradecký,Stárkovská stráň,20,18,PetrN,,2011-04-03,,,,1,,,,,
611,Otvírání studánek,"lajna je na okrajovým masivu Tisských stěn, přibližně v úrovni křižovatky na Libouchec, vede z Hřebenovýho kamene na Varhany.. kotvení celkem 8 + 8 m spansetů.. ",Česká republika,Ústecký,Tisá,33,15,SlackShop Team,,2011-04-02,,,,3,,,,,
612,Šupsajda Umakajda,"lajna vede z Komorníka (skrz skalní okno, kotveno za spáru v komíně) na Rozeklaný kámen (obhoz bloku v zadní části skály), cca půl metru výškový rozdíl..
celkem 7 + 13 m spansetů..",Česká republika,Ústecký,Ostrov,14,10,SlackShop Team,,2011-04-03,,,,2,,,,,
799,Two is more than one,Lajna v lomu Mexiko.,,,,40,70,"Pavel Kratochvíl, Vojta Čermák",Při napnutí nám proklouzla lajna v kotvítku a o hranu kotvítka se nařízla v polovině. Podle toho název.,,,,,,2022-10-22 17:29:23.616,2022-10-22 17:29:23.616,,1,1
625,Eliščino divadélko,"Lajna uprostřed lesíka nedaleko kanného divadla. Celkem pěkná oblast až na rozbité láhve a odpad po akcích...
",Česká Republika,"",Nový Jičín skalky,17,8,"","",2011-08-24,,,,1,,2022-10-23 17:21:55.709,2022-10-22 12:41:09.642,,1
615,Velkej Huhulák,Vede ze Soví věže(4m spansetů) na levou stranu věže protější(7-8m spansetů).,Česká republika,Ústecký,"Ostrov, Himmelreich",47,15,Kwjet,,2011-04-16,,,,3,,,,,
616,Never ending story,"Parádní highline se slušnou expozicí připravená Sebastianem, Fabianem, Bernhardem a Helmarem. Na menší věžičce tak 4m spansetů, na protější mohutnější tak 10m spansetů.",Česká republika,Ústecký,"Ostrov, Himmelreich",49,20,"Sebastian, Fabian, Bernhard",,2011-04-16,,,,3,,,,,
619,Zkouřenka,"Lajna vede z Mórice na protější věž. Na Móricovi 5m spansetů v úrovni pod slaňákem, na věži obhození vyčnívajícího hrotu za homolí 2m spansetem, vyvést kolem homole a dopojistit o věžičku dál 3m spansetem. Když se pod věží rozdělá oheň, správně pofoukne a člověk se nadechne z plnejch plic...",Česká republika,Ústecký,"Ostrov, Himmelreich",21,15,Kwjet a spol,,2011-04-26,,,,2,,,,,
624,Mravenčí útok,"Maják 3m span set, Páter omotaný lanem",Czech Republic,Hradec Kralove,Křížový vrch,16,15,"",,2011-07-27,,,,3,,,,,
630,Zbirohypnol,"Kratší lajna na rychlopunk, kotvení strom - strom nad roklí pod hradem. V rokli nejsou žádné stromy, takže výška je poctivá. Rychlostní rekord 20:18 - začátek napínání, 20:58 začínáme balit :-).",Česká republika,Liberecký,Zbiroh,16,11,"Jindra, Peeto",,2011-08-11,,,,1,,,,,
617,Black beast 9.81 in space,"Lajna vede z věžičky vedle Mórice na druhou stranu než Internacionála. Na věžičce 5m spansetů, na protější věži 5m spanset od nižšího bloku vyveden na vršek. Spajdrovina :-)",Česká republika,Ústecký,"Ostrov, Himmelreich",12,15,Spy.Dr,,2011-04-16,,,,1,,2022-10-22 12:08:08.086,2022-10-22 12:08:08.077,,1
626,Cikánská lajna,"Na Cikánce byla hlava omotaná lanem(stačil by asi 5m spanset) backup 3m spanset, Na protějším masivu omotaný velký šutr lanem",Czech Republic,Hradec Kralove,Ostaš,18,25,"",,2011-08-25,,,,2,,2022-10-22 12:24:49.365,2022-10-22 12:24:49.354,,1
623,Čokoládovej keksík,"Kotvení za stromy, jedna strana 2m, druhá 3m za rozvětvenej buk.",Česká republika,Královéhradecký,"Kost, Plakánek",82,27,Peeto,,2011-07-06,,,,3,,2022-10-22 12:26:30.816,2022-10-22 12:26:30.808,,1
628,Divadelní drama,"Na menší věži obhození bloku pod vrcholem 2m spansetem a vytažení vedle vrcholové čepice 2m spansetem, dojištění ke slaňáku. Na protější věži použití dvou klád(schovány ve spáře na vrcholu)rozepřením do velké spáry, protažení spansetu a vyvedení kotvení na hranu věže 6m spansetů.",Česká republika,Ústecký,Ostrov,33,20,"Q, Anče, Jindra, Peeto",,2011-07-23,,,,2,,2022-10-22 12:31:57.986,2022-10-22 12:31:57.978,,1
621,Dred,"lajna vede ze Slabikáře na Čekatele, kotvení 6 m spansetů (blok na kraji S.)  + 5 m (nižší pilíř s volnym šutrem na Č.), bekap kotvení slaňák na S. (5 m) a volnej šutr na Č. (3 m spanset na obhoz).. lajna se dá přetáhnout odspoda skrz stromy.. napínání na Slabikáři..",Česká republika,Ústecký,Himmelreich,22,12,"Kwjet, Voříšek",,2011-06-05,,,,1,,2022-10-22 12:36:00.446,2022-10-22 12:36:00.439,,1
618,Electro Boogie,"lajna vede z Rozeklanýho kamene na Široký roh - kotvení 8 + 10 m spansetů.. napínání na Širokým rohu.. krásná expozice, čupr príma směr..",Česká republika,Ústecký,Ostrov,34,25,SlackShop Team,,2011-04-18,,,,3,,2022-10-22 12:38:45.652,2022-10-22 12:38:45.645,,1
620,Hippie punk,"Lajna vede ze Stěny Horské služby na Jezevčí doupě(Slackturn). Na SHS potřeba 3m spanset na obhození kamene položeného hned za vrcholkem a 2m spanset na protažení spárou a kotvení vychází přesně na hranu skály, na JD potřeba 9,5m spansetů na obhození celého bloku na vrchu. Pěkná expozice, dobrá přístupnost.",Česká republika,Ústecký,Ostrov,62,25,Peeto a spol.,,2011-04-30,,,,3,,2022-10-22 12:50:45.997,2022-10-22 12:50:45.990,,1
609,Houmlesův odkaz,"lajna je u Barrandovskýho mostu, hned vedle Teras Barrandov.. celkem 16 m spansetů.. repka na přehození se hodí, ale lajna se dá i vytáhnout odspoda.. ",Česká republika,Hlavní město Praha,Praha,29,15,Slackshop Team,,2011-03-30,,,,1,,2022-10-22 12:55:48.987,2022-10-22 12:55:48.978,,1
613,Internacionála,"Na jednu věžičku vedle Mórice vede tak trojka, cca 5m spansetů, na druhou věž výlez komínem, obhození vršku - 4m spansetů.",Česká republika,Ústecký,"Ostrov, Himmelreich",20,15,Kwjet a spol,,2010-10-09,,,,2,,2022-10-22 12:57:52.730,2022-10-22 12:57:52.723,,1
622,K-Comeback,"Lajna natažená při příležitosti Euro climbing rock tripu. Pochozena za světla i ve tmě. Doufám, že se objeví příležitost pro zopakování. Kolouchův návrat na highlinové výslunní...",Česká republika,Liberecký,Grabštejn,25,10,"Peeto, Kolouch, Jindra, Voří",,2011-06-18,,,,1,,2022-10-22 13:05:09.785,2022-10-22 13:05:09.777,,1
627,Kjerag,"Na obou stranách zavrtány 12mm závitové tyče (vlevo 3, vpravo 5). 3 z tyčí jsou moc dlouhé ná závitová oka M12, takže je potřeba na tyče nasadit plakety s 12mm otvorem nebo to pořešit jinak. Jako backup se dá na každé straně ještě obhodit kámen cca 20m od kotvení.
",Norsko,Rogaland,Kjerag (Norway),20,1000,"M. Aschaber, G. Haas, D. Merci","",2004-09-20,,,,4,,2022-10-22 13:06:25.862,2022-10-22 13:06:25.855,,1
631,Zahradní slavnost,"<p>Lajna se kotv&iacute; na p&iacute;skovcov&eacute;m boulderbloku pod Petř&iacute;nem za strom a na druh&eacute; straně za strom pod hradbami, kam se mus&iacute; vyl&eacute;zt odspodu po stromě nebo slanit z hradeb. Opatrně na straně u hradeb, svah kles&aacute; pomaleji, tak tam nepadat.<\/p>
",Česká republika,Hlavní město Praha,"Praha, Petřín",22,13,Kwjet,"",2011-08-14,,,,1,,,,,
633,Koláčovej graf,"Lajna vede z Adršpašské stěny na Zalesněnou věž. Na obou věžích kotvení za stromky, které je potřeba pojistit, my jsme použili 30m a 60m statiky navíckrát.",Německo,Sasko,Ostrov,17,20,"Peeto, Jindra",,2011-08-20,,,,2,,2022-10-22 13:09:59.957,2022-10-22 13:09:59.949,,1
635,Šultime,"Lajna vede ze Zalesněné věže na Obra. Na ZV obhození zaklíněného kamene 3m spansetem a prodloužení 2m spansetem na hranu. Na Obrovi obhození vrchní čepice 3m+2m spansetů. Expozice je parádní, škoda délky lajny, na okraji skal, parádní výška.",Německo,Sasko,Ostrov,11,30,"Peeto, Jindra",,2011-08-20,,,,3,,,,,
650,Kontrapin,Lajna vede z pravé borovice (3m) když stojíme nad převisem a na druhé straně kotvení za buk. Příjemnej směr pro začátek hajlajnění...,Česká republika,Královéhradecký,"Hořice, lom ve Vlčí",23,13,"Bobři, Kaštan",,2011-06-01,,,,2,,2022-10-22 13:11:02.538,2022-10-22 13:11:02.530,,1
634,Korporace,"Lajna vede z Adršpašské stěny na Obra. Na AS kotvení za pojištěný stromek, na Obrovi 5m spansetů na obhození hrotu za vrcholem. Parádní exponovanej směr.",Německo,Sasko,Ostrov,32,25,"Peeto, Jindra",,2011-08-20,,,,3,,2022-10-22 13:11:14.024,2022-10-22 13:11:14.017,,1
640,Kuchtička,Lajna vede z kuchyně na protější rostlou borovici.,Česká republika,Královéhradecký,Kost,70,18,"Q, Peeto, Kolouch",,2011-10-01,,,,2,,2022-10-22 13:13:52.518,2022-10-22 13:13:52.507,,1
639,Zubatá,Highline vede z paláce na hradby u kaple.,Česká republika,Královéhradecký,Kost,22,10,Kolouch,,2011-09-30,,,,1,,,,,
641,Nádherná atmosféra,Lajna vede od původně padacího mostu na protilehlou borovici.,Česká republika,Královéhradecký,Kost,76,20,"Q, Peeto, Píďa",,2011-10-01,,,,3,,2022-10-22 13:29:03.285,2022-10-22 13:29:03.275,,1
646,Spirála,"Lajna se tahá v prostoru psycho spirály, kterouž je bezbariérový chodník\/sjezd z ulice Pod Plynojemem. Snadno napnutelná. Je třeba 5m spansetů na obě strany, případně zdvojit pro větší bezpečnost.",Česká republika,Hlavní město Praha,Praha - Krejcárek,11,11,Adam Havriluk,,2012-04-25,,,,1,,,,,
648,Vyhraněná,"Lajna se kotví za borovici nad hlavní stěnou v lomu (2m), vede kousek podél hrany a na druhé sraně za mohutnou borovici přes rokli (3m). Na chození pěkná, u hrany bacha na pády nebo nastoupit dál.",Česká republika,Královéhradecký,"Hořice, lom ve Vlčí",32,13,"Peeto, OHK, Oli",,2012-06-01,,,,2,,,,,
649,Podzimní,Lajna vede z levé borovice když stojíme nad převisem (3m) na borovici nad hlavní stěnou lomu (2m). Příjemný pochození s menší expozicí.,Česká republika,Královéhradecký,"Hořice, lom ve Vlčí",28,13,"Peeto, OHK, Oli",,2011-10-29,,,,2,,,,,
651,Uzlíčku drž,"Lajna přímo na hradě na hlavní velký vyhlídce za zábradlím. Kotvená za solidní uzel ve spáře(5m spansetu) a k udržení lajny ve směru nutno udělat podlouhlý uzel na spansetu a strčit do díry pod hranou a provlíknout jím hlavní spanset. Druhá strana kotvená na věži vlevo od vyhlídky kam se musí lézt docela těžká cesta. Je tam větší borovice, od ktere to chce 17m spansetů . Spansety se vedou okolo malé borovice a směr se usměrnuje dalším uzlem ve spáře.  ",Česká republika,Středočeský,drábské světničky,25,35,Kwjet,,2012-06-09,,,,2,,,,,
638,Démon v hlavě,"hajlajn v Srbsku na Alkazaru v 2. patře.. vede od domečku (3 nýty + 2 borháky na bekap) na druhou stranu ke štole (3 nýty + 1 nýt na bekap).. napínání u domečku.. spansety: 3 m + 6 m na bekap u domečku; 2 m + 2 m na bekap u štoly.. hodí se cca 30 m repky na přehození lajny kolem křoví u domečku.. na okraji masivu je strom, který je potřeba s lajnou oblézt.. celkem 7 ok/plaket je nutno přinést s sebou, na nýtech jsou jen podložky a matky..
",Česká republika,Středočeský,Srbsko,79,40,SlackShop Team,"",2011-09-28,,,,3,,2022-10-22 12:31:20.035,2022-10-22 12:31:20.028,,1
642,Duhový křovíčko,"",Česká republika,Středočeský,"srbsko, lom Alkazar",26,20,kwjet,"",,,,,2,,2022-10-22 12:37:40.244,2022-10-22 12:37:40.237,,1
632,Frekvence,"Urban highline na Hlávkově mostě, kotvení za bloky zábradlí, 2m spansety + 1m spanset na prodloužení jedné strany. Chodí se nad Vltavou, přístup parádní. Tahali jsme kolem desátý večer, přes den bych to moc nepraktikoval, když jsme dochodili, jeli kolem uniformovaný a stavili se na pokec. Možností na delší i kratší směry je víc...",Česká republika,Hlavní město Praha,"Praha, Hlávkův most",25,10,"Kwjet, Peeto",,2011-08-14,,,,1,,2022-10-22 12:43:01.014,2022-10-22 12:43:01.006,,1
644,Havana,Skála hřeben naproti mechobetonu. Spansety:5m+ min. 10m. jedna strana je problémová a je to tam dost oblé(obhodit vše co se dá!!!).,Česká republika,Hlavní město Praha,Praha-Divoká Šárka,20,10,Q a Alex Schulz,,2012-01-21,,,,1,,2022-10-22 12:48:14.877,2022-10-22 12:48:14.871,,1
637,Hitparáda,hajlajn v Srbsku na Alkazaru v 2. patře.. vede od domečku (3 nýty 12 mm - jenom šroub a matka s podložkou + 2 borháky na bekap) k šutru v polovině oblouku 2. patra.. spansety: 3 m + 6 m bekap u domečku a 8 m u šutru (obhoz).. napínání u domečku.. 3 plakety/oka na 12 mm nutno donést vlastní..,Česká republika,Středočeský,Srbsko,55,20,SlackShop Team,"",2011-09-26,,,,3,,2022-10-22 12:51:19.737,2022-10-22 12:51:19.729,,1
647,Jezerní Zahlídka,"Highline vede napravo kousíček od vyhlídky tak tam ukotvit za smrk a za břízku a na druhý straně nutno vylízt po mechu na skalku a tam je borovička, celkem v pohodě..",Česká republika,Královéhradecký,Adršpach jezírko vyhlídka,26,20,Yak! Malafson Mára,,2012-03-17,,,,1,,2022-10-22 13:00:28.305,2022-10-22 13:00:28.297,,1
652,Větrník,"Lajna v šárce na návětrný stěně naproti hospodě dívčí skok, je to i lezecký sektor \&quot;dívčí skok Z\&quot;. Kotvení je na jedné straně obhoz najednoducho 3m a na druhé straně obhoz většího kamene a stáhnutí přes zub ve stěně až na hranu(cca 8-9m spansetů). Chcte to hodně bandážovat skála je dost ostrá.",Česká republika,Hlavní město Praha,Divoká Šárka,35,15,Kwjet,,2012-01-21,,,,2,,,,,
653,Šemík,Jedna strana kotvená za věžičku (5-6m spansetu) a druhá za strom. Spansety (12m) vést přes chodník a stáhnout za zábradlí. ,Česká republika,Hlavní město Praha,Praha - Vyšehrad,42,15,Lukš + Píďa + Mára,,2012-09-14,,,,2,,,,,
655,Perihélium,"Na jedný straně nutno dostat se na Knežnu, vede tam taková hodně mokrá zeleá mechová spára ale lepší nahodit slanák z břízy, tam je kotvení za obří hodiny, 6m spansetu + backup, a nadruhý straně slanit tak 7m na poličku a tam se kotví za šutr ca 13m spansetu a provlíkne se to celý jště hodnama směrem dozadu, + backup za strom, Parádní vysoká lajna!!",Česká republika,Královéhradecký kraj,Adršpach- Vévoda,31,33,Adrlines-,,2012-08-13,,,,3,,,,,
561,Planet Slackturn,                        ,Česká republika,Ústecký,Ostrov,38,20,"",,2009-05-02,,,,3,,,,,
571,Kongolajna,"Městská HL v Hejnicích  u mostu přes řeku Smědou u hospody Kongo. Rychlá montáž na jedné straně za strom , na druhé za sloup. Pozor na projíždějící auta po mostu a na plot u sloupu- nepoškodit.    
    
            ",Česká republika,Liberecký,jizerské hory,29,12,kolouch,,2010-06-13,,,,2,,2022-10-22 13:10:25.440,2022-10-22 13:10:25.430,,1
656,Kundypán (PussyMaster),"1. přešlá 100+ highline v ČR",Česká republika,Královéhradecký kraj,"Hrad Kost, údolí Plakánek",102,30,"Peeto, Kwjet, Danny",,2012-10-14,,,,3,,2022-10-22 13:17:19.296,2022-10-22 13:17:19.290,,1
658,Narkobaron,"Super exponovaná highline z Tovární věžě na úplně krajní věž ve směru ke kempu. Spansety: 8m na tovární věž, kde se obhazuje talíř co je okolo kopule věžě, ne jenom kopule samotná! Na druhé straně také 8m = dohromady 16m. Na druhou věž se překračuje z masivu a je tam vrcholová knížka kde je HL napsaná.",Česká republika,Ústecký kraj,"Ostrov, himmelreich",65,40,swel team,,2012-10-24,,,,4,,2022-10-22 13:36:21.482,2022-10-22 13:36:21.475,,1
565,Ořešník,"<p>Na obou stran&aacute;ch lepen&eacute; z&aacute;vitov&eacute; tyče průměr 12 mm celkem 5 kusů.Oka (plakety) nutno přin&eacute;st s sebou.<\/p>
",Česká republika,Liberecký,Jizerky,22,15,kolouch,"",2009-08-20,,,,3,,,,,
567,Nad Bivakem,"      Poměrně složitá montáž na masívu vyžaduje jednak použití velkého množství materiálu na obvázání více slabých břízek a taky jeden megawoodhex- kus špalku- k dokotvení lajny na pevno ke skále, aby se lajna při pádech do odsedky nepředřela.
  
  ",Česká republika,Ústecký,Ostrov,26,20,kolouch,,2010-04-16,,,,2,,,,,
568,Sváteční,                                          ,Česká republika,Liberecký,Sloup v Čechách,20,13,Kajoch,,2010-03-07,,,,2,,,,,
569,Stoletá Doga,"<p>Lajna natažen&aacute; u př&iacute;ležitosti st&eacute;ho v&yacute;roč&iacute; v&yacute;stupu na jednu z dominant T&iacute;s&eacute;- Dogu. Vcelku snadn&aacute; mont&aacute;ž. Nejlehč&iacute; cestou, kterou lze na Dogu vystoupit je pětka z n&aacute;horn&iacute; strany. !!! Nekotvit lajnu pouze za prvn&iacute; dva kameny, ale obhodit cel&yacute; vrchol. Prvn&iacute; dva kameny se h&yacute;bou !!!<\/p>
",Česká republika,Ústecký,Tisá,18,20,kolouch,"",2007-08-20,,,,3,,,,,
574,Wild Sarah,"Přechodem týhle monstrhajlajny končí čas her a malin nezralých a začíná éra skutečnýho hajlajningu v Česku.

Na obo stranách se obhazuje masivní blok. Stejný obhoz i na backup. Skála je místy dost ostrá, je potřeba dostatek bandáží.
",Česká republika,Hlavní město Praha,Praha,57,40,Kwjet & friends,"",2009-10-25,,,,4,,2022-10-22 13:41:40.818,2022-10-22 13:41:40.810,,1
575,Nad Ohniskom,"  
      
  ",Slovensko,Žilinský kraj,Sulov ,16,35,"Woita, Rasta, Fuckey",,2008-11-10,,,,3,,,,,
659,Ťuky ťuk,"<p>Pěkn&aacute;, fotogenick&aacute; hajlajnička. Na jedn&eacute; straně docela n&iacute;zko, tak pozor na p&aacute;dy<\/p>
",Česká republika,Středočeský kraj,Srbsko - Alkazár,20,10,"Lukáš Černý, Vojtěch Malafa, J","",2012-11-18,,,,2,,,,,
573,Bílá Sobota,"Nekotvit za malou borovici na kraji, ale ukotvit kladkostroj za vzdálenější strom ve směru.",Česká republika,Liberecký,Sloup v Čechách,33,13,"","",2004-10-20,,,,2,,2022-10-22 12:07:17.088,2022-10-22 12:07:17.078,,1
562,Bišík,                                                      ,Česká republika,Královéhradecký,Bišík,8,10,"",,2007-08-12,,,,2,,2022-10-22 12:07:47.157,2022-10-22 12:07:47.150,,1
564,Cimbuří-Cimbuline,"První skutečná HL v Česku. Na podzim 2007 ji jako první a jedinej přešel Stefan Junghannss. My ostatní jsme si museli rok počkat, ale stálo to za to! Nově navrtáno na obou stranách kotvení!",Česká republika,Liberecký,Jizerské hory,25,20,kolouch,"",2010-07-20,,,,4,,2022-10-22 12:25:37.376,2022-10-22 12:25:37.370,,1
654,Für Elise,Lajna je kotvená za solidní borovice (2m a 3m spansetů) šikmo přes údolí. ,Česká republika,Ústecký kraj,České Švýcarsko,26,17,Slacklinerz,,2012-09-13,,,,1,,2022-10-22 12:44:23.350,2022-10-22 12:44:23.343,,1
563,Green Air line,"",Česká republika,Královéhradecký,Bišík,23,20,"",,2008-08-04,,,,3,,2022-10-22 12:47:20.239,2022-10-22 12:47:20.232,,1
572,I-Landcruise,"                                  
Naprosto úžasná linie,čekala až dospěje generace hajlajnerů schopných přejít 40-ti metovou HL. Takže svým způsobem historický milník .   
                  ",Česká republika,Ústecký,Ostrov,40,30,landcruising,,2010-05-01,,,,4,,2022-10-22 12:56:44.200,2022-10-22 12:56:44.191,,1
657,Kajetánka,Highline mezi bloky kolejí na Kajetánce. Na obou stranách pohodové kotvení obhozením výtahové šachty. Otázkou je jak se dostat na obě střechy :-),Česká republika,Hlavní město Praha,"Praha, Kajetánka",12,30,"Vejvis, Stenly, Víťa","",2011-11-20,,,,1,,2022-10-22 13:02:54.927,2022-10-22 13:02:54.919,,1
570,Kinder highline,"      
 Názvem hajlajna pro děti.Ovšem opak je pravdou. Na věž je třeba překočit dvojkovým přeskokem, k montáži je třeba mrtě matroše a bandáže + bouldermatka. Těch pár kroků nestojí za tu námahu, ale lajna bezesporu patří k historii hajaljningu v česku. Never more!    
    ",Česká republika,Ústecký,Ostrov,8,20,kolouch,,2008-05-02,,,,2,,2022-10-22 13:05:53.073,2022-10-22 13:05:53.065,,1
660,Skalní koruna,"Skalní korunu řeší obhoz (dost velký) na druhou stranu se musí vyjít zezadu jakoby zleva(hrozná cesta) ale jinak se tam nedá dostat, kotvení je nad věží Trůn za docela velký obhoz to stáhneš dolů přes takovou římsu(dost spansetů)",Česká republika,Královéhradecký kraj,Teplické skály,32,50,landcruising,,2012-11-20,,,,4,,,,,
661,Zoufalcova touha,"Kotvení: výrazný talíř (8.5m), vklíněný kámen(6m).",Česká republika,Ústecký kraj,Ostrov,15,14,"Lukáš Černý, Jakub Trávník",,2013-01-06,,,,2,,,,,
667,Kundí Judo,Lajna vede přes takové hezké mělké údolíčko..Na jedné straně kotveno za takovou statnější borovici+ backup o kousíček dál též za strom a na druhý straně cca 11m spansetovej obhoz+ backup za borovičku..Na skalku se dá v pohodě vyjít...,Česká republika,Královéhradecký kraj,Adršpach,64,17,Adrlines,,2013-02-16,,,,2,,2022-10-22 13:37:18.289,2022-10-22 13:37:18.282,,1
664,Labutí jezero,"V zadní části jezírka. Na pravé straně police (3nýty, 3m). Levá strana za hranou velké plotny (3nýty, 3m+3m). Vzít reepku na přetáhnutí lajny. :)
VIDEO:
http:\/\/www.youtube.com\/watch?v=0JmZOOZ3YGE",Česká republika,Hlavní město Praha,Prokopské údolí,34,14,"Lukáš Černý, Jakub Trávník",,2013-01-10,,,,2,,,,,
665,Slavnosti chudáků,"Hajlajna na začátku hřebene kde vede větrník. Málo exponovaná a docela zarostlá. Přesto pěkná. Až se vše zazelená bude to uplně jiné. Taková jednoduchá 30ka.
Kotvení: Vlevo obhodit hrot a vyvést spárkou nahoru (3m+2m). Vpravo obhodit velký skalní výstupek (10m). 
",Česká republika,Hlavní město Praha,Divoká šárka,33,11,"Marek Smolka, Lukáš Černý",,2013-01-18,,,,1,,,,,
666,Nervík,"Hajlajna na začátku hřebene kde vede Větrník. Vedle Slavnosti chudáků. Vcelku exponovaná a pěkná. Na začátku vadí lehce strom. 
Kotvení: Levá strana police - 2 nýty(3m),
Pravá strana, obhodit hrot - navléct spanset (3m).",Česká republika,Hlavní město Praha,Divoká šárka,24,13,"Lukáš Černý, Jakub Trávník, Da",,2013-01-19,,,,2,,,,,
668,Orlí hnízdo,"HL v žulovém lomu u vesnice jménem Prosečnice. Jedna strana ve stěně na polici navrtáno 4x10mm nýty 3x na hlavní, 1x na backup(3m spanset + 2m spanset)....druhá strana obhoz(2m spanset) borovice kousek od kraje(lepší zbackupovat). Na polici nutno kousek slanit. Sebou plakety na 10 nebo jdou i 12. Nesplést si lomy je jich tam víc...tenhle je trochu skrytej.",Česká republika,Středočeský kraj,lom v Doubí (u Prosečnice),21,17,EQB team,,2013-02-16,,,,2,,,,,
669,ReBarbora,"Lajna tvoří jasnou linii v prostoru nad hřištěm a bývalým koupalištěm v Prokopském údolí v místech, kam se dostanete silnicí z Barrandova přes Klukovice a pod viaduktem. Přístup snazší shora nebo zprava cestou u nejbližšího baráku. Na V straně 3x 12mm nýty včetně podložek a matek, na Z straně 4x 12mm nýty(jeden jen jako backup druhého) včetně podložek a matek. Na V stranu 3m spanset a prodlužit o 25cm půlmetrákem na dvojito. Na Z straně  zprava 3m z obou nýtů a zleva 3m z jednoho spodního nýtu. Oba spansety spojit pevnostním šeklem a kotvítka založit do levého, ale metodou sliding-X, ne pouze provléknout. Kladky lépe na V straně. Zanechte po sobě čisto, nalezené odpadky odneste.",Česká republika,Hlavní město Praha,Praha - Prokopské údolí,41,18,Píďa,,2013-01-31,,,,3,,,,,
670,Primarýma,"Lajna se nachází na stejném hřebeni jako mechobeton ale znatelně výše.
   Kdysi tahal Kwjet s mrte spansetama na obhozy. Nově navrtány obě strany. (pohled dolu) Levá strana 2nýty (3m), pravá strana 2nýty (6m).",Česká republika,Hlavní město Praha,Praha-Divoká šárka,27,12,"Jakub ""Kwjet"" Hanuš",,2011-12-01,,,,2,,,,,
671,Socka,"Lajna se super kovením, kousek po pěší cestě od jezírka. Kotvení je dost libový =D +-40m spansetů, 60m statiky....čím víc toho vezmete tím líp. Tahat s někym kdo už tam byl!",Česká republika,Hlavní město Praha,Prokopské údolí,45,25,"Pída, Luky",,2013-03-03,,,,3,,,,,
672,Šaolínek,"Hajlajna vede nad  rybníčkem v zadní části,co se vozej turisti na lodičkách,na každé straně v pohodě borovice + něco na backup..
Fotky : http:\/\/www.facebook.com\/media\/set\/?set=a.450357241706589.1073741826.170783296330653&type=1&l=f0bd72320a",Česká republika,Královéhradecký kraj,Adršpach,31,17,Adrlines,,2013-03-17,,,,3,,,,,
674,Tůjková,"Spíše tréninková highline ve starém lomu poblíž lezecké oblasti Škrovád. Dojem hloubky snížen množství křoví na dně. Rychlé kotvení strom-strom a relativně snadná dostupnost jak autem, tak autobusem.",Česká republika,Pardubický kraj,"Škrovád, Slatiňany",20,12,Ondra Svoboda,,2012-10-15,,,,0,,,,,
675,Pomsta GPS,"<p>Rychlonapnuteln&aacute; z&aacute;ležitost. 2 stromy na kraj&iacute;ch jdou hodně bl&iacute;zko lajny, takže padat tam nen&iacute; dobr&yacute; n&aacute;pad :))<\/p>
",Česká Republiky,Klokočí,Klokočí,27,15,Adam Zeman,"",2013-05-24,,,,2,,,,,
677,Mauglí,"Hajlajna se nachází v sektoru Kundího Juda.., Vede z nepřehlédnutelné věžičky, na které je průlez  který se musí možná trochu složitějším způsobem obhodit, na obhoz krásně stačí 2x6m spanset, nejlépe se obhazuje ve dvou.Na druhé straně kotveno za stromek.. krásná borovička. + něco na backup..",Česká republika,Královéhradecký kraj,Adršpach,38,13,Adrlines,,2013-06-15,,,,2,,,,,
679,Vévoda,"Nejvystrčenější směr v údolí přímo nad písákem. Z věže Vévoda na věž Lost Arrow, která je přilepená na Strážce jezera. Na vévodu vede komín za 3. Na lostarrow to jde z masivu na strážce jezera a pak slanit na lost arrow. přehazování repky je nejlepší ze strážce. Spansety: 8m na vévodovi a 14-16m? na lost arrow. Tam je lepší to dát na liščák a stáhnout ke straně věže, aby se lajna vedla dost daleko od skály vpravo.",Česká republika,Královéhradecký kraj,Adršpach,54,40,"Danny, Adrlines",,2013-07-18,,,,4,,,,,
662,Doktor strach,"",Česká republika,Hlavní město Praha,Praha,35,7,"Jakub Trávník, Petr Voříšek, J",,2012-08-01,,,,1,,2022-10-22 12:33:53.506,2022-10-22 12:33:53.497,,1
678,Gravitace,Hajlajna vedoucí u Ťuky ťuk - kousek pod a více vystrčená do prostoru. 3+2 nejty - 2.5m + 5m spansetu.,Česká republika,Středočeský kraj,Srbsko,21,11,"Lukáš Černý, Adam Máčel","",2013-06-29,,,,2,,2022-10-22 12:47:02.904,2022-10-22 12:47:02.896,,1
676,Hon na žirafu,"Tahle lajna vede ze stejného šutru jako Kundí Judo akorát trošku víc doprava.., Na jedné straně kotvená obhozem 6m spanset + backup za stromy opodál  a na straně druhé za masivní borovičku,která je nalepená ke skále.,, backup jde za strom vedle ale je to skoro zbytečný, protože ten strom je fakt dost vedle.. :)",Česká republika,Královéhradecký kraj,Adršpach,70,18,Adrlines,,2013-06-15,,,,2,,2022-10-22 12:53:48.038,2022-10-22 12:53:48.032,,1
774,Malý bůh Barnabáš,"",Česká Republika,Český Kras,Srbsko,130,40,"Lukáš Černý, Mišo Pírek",Na počest narození Sašova a Míši druhého dítěte Barnabáše.,2019-10-24,,,,3,,2022-10-22 13:17:46.767,2022-10-22 13:17:46.758,,1
685,Shangri-la,"Nádhernej směr z Ocúnu na Únorovou. Na obou věžích tři tutový borháky určený přesně na lajnu, na ně tak dvoumetrový a třímetrový spansety. Na Únorové backup ke slaňáku, na Ocúnu 6m spansetů na backup obhoz. Na Ocún koutek za IV po průchodu na předskalí, na Únorovou Normálka přes tři kruhy za VIIb.
",Česká republika,Liberecký kraj,"Hrubá skála, Sahara",59,40,"Jelena, Faith, Ančekanče","",2012-09-20,,,,5,,2022-10-22 13:39:31.655,2022-10-22 13:39:31.648,,1
686,Zmrdi řvou,"Směr z věže kde je vyhlídka (výrazný zářez na hraně, kotvení za šutr za hranou 5m spansetů) druhá strana na věži - obhoz bloku na vrchu - evidentní spáry 7m spansetů. Na věž vede nějaká čtyřka po vlastním...",Polsko,Dolnoslezské,"Sokoliki, Polsko",15,25,"Peeto, Voříšek",,2012-09-21,,,,3,,,,,
689,MAna maNA,"pěkná highline z věžě jako Klárčina buchtička(viz: deník). Na vež vedle masivu kam se dá vyskočit nebo vylézt lehkou cestou. Obhoz dobrého vrcholového bloku je asi 8-9m(spanset vést až pod slaňák!) pak podložit kraj kládou, aby se nedotýkalo kotvení skály!! Věž má výběžek jak skákací prkno. Je to pěkná bezpečná lajna. Druhá strana je asi 9m viz: highline klárčina buchtička",Česká republika,Ústecký kraj,Ostrov,17,15,"Danny, Luky, Adam, uhlík, voří",,2013-10-26,,,,4,,,,,
690,Old snail lady,"highline ve stejné lokalitě jako ""klárčina buchtička"" a ""mana mana"". Jde z věže s tenkým vrcholovým blokem kam se nesmí!! obhoz viz: highline klárčina buchtička. druhá strana: cca 10-12m spansetů. na věž bud těžce vylezt nebo přhodit lano a vyjumarovat. pěkná bezpečná lajna.",Česká republika,Ústecký kraj,Ostrov,16,15,"Janek, Jordan",,2013-10-26,,,,4,,,,,
691,Malý pívo,Midline za budovou pivovaru na Kosti. Jednoduchý napínání strom-strom. Pod lajnou pěknej vytesanej průchod v pískovci. Ideál pro první zkušenosti ve výškách. Napínána v rámci Highline meetingu.,Česká republika,Královéhradecký kraj,Kost,8,7,"Peeto, Kolouch",,2013-09-27,,,,1,,,,,
692,Sokolníkova dcera,"Pěkná hajlajna u Kosti nad Barborkama. Kotvení strom-stromy(nutno udělat kotvení z asi třech stromů a vytáhnout na dobré místo kvůli hraně pod lajnou). Možnost více variant kotvení, podle toho délka od 15m - 17m. Na Kosti 2013 17m varianta. ",Česká republika,Královéhradecký kraj,Kost,17,15,"Píďa, Kernerski, Kolouch, Jind",,2012-07-07,,,,2,,,,,
694,Levoboček,"Směr lehkej na kotvení strom-strom. Na jednu stranu se vpohodě dojde, na druhou takový napůl lezení. Když přicházíte k lajně tak na pravé straně borovičku ukotvit co nejníž a obandážovat pořádně spanset na hraně 3m, na levé straně dobrý přístup, místo na kladky 2m spanset. ",Česká republika,Královéhradecký kraj,Prachov,29,14,"Kernerski, Peeto, Adam",,2012-12-27,,,,2,,,,,
695,Pařízková,"Pěknej směr přes cestu v údolí. Na jedný straně obhoz velkýho bloku na předskalí cca 10m spansetů, snadný přístup s jedním pololezeckým krokem. Na druhé straně kotvení za strom blíž u skály - borovice 2m spanset. ",Česká republika,Královéhradecký kraj,Prachov,41,20,"Peeto, Kernerski, Voříšek",,2012-12-27,,,,3,,,,,
697,No gods no masters,"Moc pěkná a exponovaná lajna. Z věže na kterou vede 3,14 a Kinder, nemusí se lízt, stačí skočit přeskok za II, na masiv kotvení v zářezu. Kotvení tak 6m a 4m spansetů.",Česká republika,Ústecký kraj,Ostrov,22,30,Faith,,,,,,4,,,,,
687,Big air,"Pěkně exponovanej směr na věž za kterou je vidět celý údolí. Tušim že na každý straně 3 plakety. Na věž se leze nějaká trojka, na druhou skálu asi taky za tři. ",Polsko,Dolnoslezské,"Sokoliki, Polsko",36,15,"Janek, Damian",,,,,,3,,2022-10-22 12:05:21.079,2022-10-22 12:05:21.071,,1
683,Dobrman,"Kotvení od klasiky na Dogu - strom borovička 5m, obhoz hrany na stažení do směru 3m. Na druhé straně obhoz šutru za blokem a vytažení na hranu 8m spansetů. Pěknej směr na začátek, ideál na duťáku.",Česká republika,Ústecký kraj,Tisá,12,20,"Peeto, Jindra, Kaštan",,2011-09-04,,,,2,,2022-10-22 12:32:20.471,2022-10-22 12:32:20.465,,1
682,Doga nu school,"Pravej směr na Dogu. Kotvení na masivu za vybíhající blok - zadní zářez. Možnost 16m spansetů nebo míň, ale ne tak elegantní varianta(šel by i 5m na jednoducho a prodloužení na hranu). Na Doze prostřední šutr 3m na jednoducho, metr na prodloužení, kotvení vychází na vršek. První napnutí od Němců 2011.",Česká republika,Ústecký kraj,Tisá,25,20,Němci,,2010-05-14,,,,3,,2022-10-22 12:32:41.934,2022-10-22 12:32:41.927,,1
681,Doga old school,"Levej směr na Dogu. Kotvení na masivu za velkej šutr a vytažení kotvení navršek 3m na jednoducho, 4m na hranu, na Doze obhoz středovýho šutru 3m na jednoducho a metr na hranu tak. Poprvé napnuto Němci 2011.",Česká republika,Ústecký kraj,Tisá,25,20,Němci,,2010-05-14,,,,3,,2022-10-22 12:32:56.091,2022-10-22 12:32:56.083,,1
684,Holčičky na provázku,"Supr čupr lajna na Sahaře ve Skaláku. Na straně pod Únorovou věží kládahex do spáry - 4m nebo 5m spansetů, na druhý straně na Ministrantovi kotvení za strom a vytažení na hranu - podložit pařezem pokud tam zůstal nebo najít nové klády cca 14m spansetů. Nataženo od G4G.",Česká republika,Liberecký kraj,"Hrubá skála, Sahara",40,20,"Jelena, Faith, Ančekanče","",2009-12-20,,,,3,,2022-10-22 12:53:26.106,2022-10-22 12:53:26.099,,1
688,Klárčina buchtička,"Krátkýá bezpečná highline z masivu na věž(....nějaká Jehla), na kterou je zakázaný lízt na úzký vrcholový blok.
pěknej obhoz za zub ze zadku věže okolo tenkého vrcholového bloku. cca 9m spansetů asi. Druhá strana se obhazuje za zadní blok(buchtu na masivu, co se nehýbe! cca 6m spansetů.(podložit kládou).
PS: na věž je těžký lezení...tak je to pro dobrý lezce a nebo vychcánky co se tam umí dostat přehozením lana přes věž.",Česká republika,Ústecký kraj,Ostrov,12,13,"Danny, Luky, Adam, uhlík, voří",,2013-10-26,,,,5,,2022-10-22 13:06:57.648,2022-10-22 13:06:57.641,,1
696,Kleparate separity,"Lajna vedoucí od bloku u Alter wegu(směr na Csukáš tvrdě) kotvení za strom Alter wegu a vytažení kolem bloku 8m spansetů, druhá strana stejně jako Slackturn, ale jsou dvě varianty. 37m - obhození zadního šutru a vytažení kolem hrany cca 15m spansetů,  35m - kotvení za klády, protažení skrz okno a opření o velkej šutr cca 9m spansetů. ",Česká republika,Ústecký kraj,Ostrov,36,20,Kernerski,,2013-04-25,,,,3,,2022-10-22 13:08:55.283,2022-10-22 13:08:55.274,,1
699,Prdopad,"Rychlá a jednoduchá lajna na kotvení, dobrá pro začátek. Vede vedle přelanění ocelových lan. Kotvení strom-strom, na jedné straně lepší prodloužit na hranu tak 2m spansetem. ",Česká republika,Liberecký kraj,"Jablonec, Na dopadu",15,11,"Voříšek, Peeto, Adam",,2013-06-17,,,,1,,,,,
701,Starline,"Navrtáno na každý straně 3 expanzní 10mm závitovky, plakety si vzít sebou i s matkama. Na pravý straně (převis) jdou dodatečný backupy obhozem různých hrotů a ve stěně vytáhnout lano nahoru ke stromu od kterýho se ke kotvení slaní...",Itálie,Trentino-Alto Adige,Arco - Colodri,25,320,"",,,,,,5,,,,,
702,Ornitolog,"V zadní části jezírka. Na pravé straně za dva stromy vzadu a protáhnout až ke kraji, podložit (2x2m,2x3m,3 šekly 12mm nerez a pevnější na spojení). Levá strana za hranou velké plotny (3nýty, 3m+2m, šekl 12mm nerez a pevnější na spojení). Vzít reepku na přetáhnutí lajny. K nýtům se dostává technickým lezením, přes zaseknutý vrták nahozenou smyčkou k nýtům. Je třeba trochu zručnosti a několik smyček a karabin :)",Česká republika,Hlavní město Praha,Prokopské údolí,30,20,"Píďa, Lukáš",,2013-12-25,,,,3,,,,,
704,Zrození,"<p>Jednoduch&aacute; lajna (tah&aacute;no s&aacute;m), snadn&yacute; př&iacute;stup ke sk&aacute;la a i na ni. Kotven&iacute;: hrot směr vyhl&iacute;dka 4m spanset+backup za borh&aacute;k. Na druh&eacute; straně kolem vrcholku a doleva dolů 6m+2m na backup za vrcholek.<\/p>
",CZ,Vysočina,Pasecká skála,10,9,LesMen,"",2014-01-11,,,,0,,,,,
709,Prosíme vystupte,"",Česká Republika,středočeský,Srbsko,76,18,Lukáš Černý,"",2014-06-02,,,,1,,2022-10-22 13:29:23.599,2022-10-22 13:29:23.593,,1
706,Lapač snů,"<p>Na zač&aacute;tku skal v srbsku. U HL hodin&aacute;ř. Jedna strana navrtan&aacute; a druh&aacute; obhoz.<\/p>
",čr,středočeský,Srbsko,50,25,Lukáš Černý a Jakub Trávník,"",2014-05-19,,,,3,,,,,
707,Zub času,"<p>Hajlajna na Pantheonu. Kotven&iacute; za uzel ve stěně a obhoz. prvn&iacute; tahal Kwjet&aacute;k v roce 2012.<\/p>
",čr,český ráj,Pantheon - Malá skála,53,20,Kwjet,"",2012-10-01,,,,0,,,,,
708,Mokrej pes,"<p>Highline na mostě na Zbraslav<\/p>
",čr,praha,Praha,43,10,Lukáš Černý,"",2014-05-01,,,,1,,,,,
710,Pondělní vlhká!,"<p>Kotven&iacute; 2x nejt (3m spanset), druh&aacute; strana strom + keř a směrovat okolo men&scaron;&iacute;ho bloku (9m spansetu)<\/p>
",čr,středočeský,Srbsko,49,15,Lukáš Černý,"",2014-06-30,,,,1,,,,,
711,Potní žláza,"<p>Mal&yacute; lom kus od alkaz&aacute;ru směrem na Sv. J&aacute;n pod Skalou. Nejdel&scaron;&iacute; a nejvy&scaron;&scaron;&iacute; směr nad Hajlajnou &quot;Vlhk&aacute; ponděln&iacute;&quot;. Kotven&iacute; strom (10m) + druh&aacute; strana stromek a keř vyv&aacute;zat (13m)<\/p>
",ČR,středočeský,Srbsko,51,20,Lukáš Černý,"",2014-08-08,,,,2,,,,,
713,Pípákovka,"<p>Roztomil&aacute; hajlajnička nad železničn&iacute; trat&iacute; v okol&iacute; Teplic nad Metuj&iacute;. v&iacute;ce fotek _ http:\/\/philipbitnar.zonerama.com\/Album\/528870<\/p>
",Česká Republika,Královehradecký,Teplice nad Metují,25,10,Filipski & Tomáš,"",2015-01-04,,,,0,,,,,
714,Pavučinka,"<p>Takov&aacute; pražsk&aacute;<\/p>
",ČR,praha,Praha - Dolní šárka,35,10,Lukáš Černý,"",2015-02-01,,,,1,,,,,
716,Milada,"<p>Lajnička lok&aacute;ln&iacute;ho v&yacute;znamu, se nach&aacute;z&iacute; nedaleko Havl&iacute;čkova Brodu, na zř&iacute;cenině hradu Ronovec. Vede přes b&yacute;val&yacute; hradn&iacute; př&iacute;kop.<\/p>
",Česká Republika,Vysočina,Havlíčkobrodsko,20,7,"","",2015-03-10,,,,0,,,,,
717,Velkej brácha,"<p>Lajna se nach&aacute;z&iacute; v zatopen&eacute;m lomu na Hol&eacute;m vrchu, v les&iacute;ch pobl&iacute;ž Lipnice. Kotven&iacute; za tenk&yacute; strom d&aacute;l za hranou na skaln&iacute; plo&scaron;ině na jedn&eacute; straně, a na straně druh&eacute; za stromy za v&yacute;raznou přečn&iacute;vaj&iacute;c&iacute; hranou. Napnuli a pře&scaron;li Uhl&iacute;ci 2013.<\/p>
",Česká Republika,Vysočina,Lipnice nad Sázavou,26,10,"","",2015-03-10,,,,0,,,,,
718,Zápalná šňůra,"<p>Jedn&aacute; se o krat&scaron;&iacute; variantu &quot;Velk&yacute;ho br&aacute;chy&quot;. Kotven&iacute; na jedn&eacute; straně totožn&eacute;, za stromy za v&yacute;raznou hranou, na druh&eacute; straně za velkou borovici, př&iacute;mo v rohu. Poprv&eacute; napnuli 2011 Uhl&iacute;ci, ale prvn&iacute; FM přechod až Hynek v březnu 2015.<\/p>
",Česká Republika,Vysočina,Lipnice nad Sázavou,22,10,"","",2015-08-13,,,,0,,,,,
775,Shining downstairs fish,"<p>V&iacute;c info v čl&aacute;nku:&nbsp;<a href=""http:\/\/g4gproject.blogspot.com\/2012\/08\/hned-mi-bylo-jasne-ze-nemuzeme-nikam.html"" target=""_blank"">http:\/\/g4gproject.blogspot.com\/2012\/08\/hned-mi-bylo-jasne-ze-nemuzeme-nikam.html<\/a><\/p>
",,,,24,28,"Faith Dickey, Jelena Schardi, Ančee (G4G team)","",2012-07-01,,,,2,,,,,
703,Hokus-Pokus,Spodní etáž v alkazáru.,Česká republika,Středočeský,Srbsko,62,20,Lukáš Černý,"",2014-03-19,,,,2,,2022-10-22 12:52:55.018,2022-10-22 12:52:55.011,,1
715,Less Acro More Highline,"37m spansetů, 60m statiky. Domečer 4 nejty a vyvést až na keř. Druhá strana strom a vyvést na hranu. Monžost kotvení i více do strany na 80m směr, také navrtanej, ale více složitej.
",Česká republika,Středočeský,Srbsko,73,40,Lukáš Černý,"",2015-03-02,,,,3,,2022-10-22 13:31:29.779,2022-10-22 13:31:29.771,,1
719,Země Plocha,"Hajlajna na začátku lomu když se jde od Karlštejnu (vlak. zastávka). Kotvena za borovici + menší stromek a vyvést na hranu. Druhá strana navrtaná za hranou 3 nýty a také vyvést na hranu. Náročnějí na materiál, asi 32m spansetů. Bez Reepky to nepůjde.",Česká Republika,Středočeský,Srbsko - Tomáškův lom,66,30,Lukáš Černý,"",2015-03-14,,,,1,,2022-10-22 13:35:16.975,2022-10-22 13:35:16.969,,1
700,Ruprechtická,"V poměru výška délka je to spíše tréninkovka. Kotvení na obou stranách za stromy, na jedné straně stačí 2m spanset a na druhé je kotvící strom dál od hrany, tudíž je potřeba cca. 8m spansetů a kláda na podložení je na místě.",Česká republika,Liberecký kraj,Liberec- Ruprechtice,57,12,Adam,,,,,,0,,2022-10-22 13:41:05.009,2022-10-22 13:41:05.002,,1
720,Pozor na jachty!,"<p>Podmostov&aacute; urban hajlajna na mostě Inteligence, kter&yacute; je pobl&iacute;ž Chuchle. Na obě strany je nutn&eacute; slanit ze z&aacute;bradl&iacute; cca 8m na pil&iacute;ř. Kde se obhazuje jedna &quot;noha&quot; (15m spansetů na každou stranu). Je vhodn&eacute; spansety oddd&aacute;lit od stěny oblouku mostu pomoc&iacute; spadan&yacute;ch železobetonv&yacute;ch bloků, kter&eacute; se tam v&aacute;lej&iacute;. Repka je nutnost&iacute;. Jak n&aacute;zev napov&iacute;d&aacute; je třeba si d&aacute;t POZOR na proj&iacute;žděj&iacute;c&iacute; lodě (předev&scaron;&iacute;m dokud nen&iacute; lajna napnut&aacute; a volně vis&iacute;)! Obzvl&aacute;&scaron;tě za hezk&eacute;ho počas&iacute;.<\/p>
",ČR,Praha,Praha - Malá Chuhle,51,10,Turban,"",2015-03-26,,,,1,,,,,
731,Klepátko,"pěkný kotvení s pěknym přístupem hezky posvějch až k HL. Na začátky super lajna.
Když máš koleje za zády a čumíš na lom je Klepátko po levej straně lomu, nad plotnou. Strana blíž k tobě je kotvění 1, dál od tebe kotva 2.",Česká Republika,Český les,,21,12,Jan Honzís Vít,pokaždý to chce někdo strunit,2016-06-28,,,,5,,2022-10-22 13:09:48.577,2022-10-22 13:09:48.569,,1
724,V rytmu struny,"<p>Industrialni HL v Trojhali Karol&iacute;na (Ostrava).&nbsp;<\/p>
",,,,25,12,Jan Zelený,Při přechodu hrála prapodivná hudba z nějaké ocelové struny,2015-09-23,,,,3,,,,,
776,"Uhneš klíči, uhneš míči","",Česká Republika,Český ráj,Hrubá skála,65,25,"","",,,,,2,,2022-10-22 13:36:07.997,2022-10-22 13:36:07.991,,1
729,Placák,"<p>Plac&aacute;k v Klokočsk&yacute;ch skal&aacute;ch. Po v&yacute;&scaron;lapu schodů doprava asi 150- 200m. obě dvě strany jsou masivy.<\/p>
",,,,35,26,"Adam, Kaštan",Poznáš sám až půjdeš kolem hrany :),2016-06-19,,,,2,,,,,
730,Sajgon,"<p>Highline lok&aacute;ln&iacute;ho v&yacute;znamu. Dobr&aacute; pro zač&aacute;tečnick&eacute; pad&aacute;n&iacute;, d&aacute; se j&iacute;t hned&nbsp; z kotvy ve stoje.<\/p>

<p>Př&iacute;stup od zast&aacute;vky trolejbusu Tyr&scaron;ův most (vedle je parkovi&scaron;tě). Most se přejde a hned za mostem jsou schody kter&eacute; v&aacute;s dovedou pod most.<br \/>
Ve směru lajny by měl b&yacute;t natažen&yacute; prov&aacute;zek, občas praskne tak d&aacute;v&aacute;me hned dal&scaron;&iacute;. Když nen&iacute;, nat&aacute;hne se instalace, kvuli přehozav&aacute;n&iacute; řeky.<\/p>
",,,,35,10,Jan Honzís Vít,"snad jendou z deseti napínání bylo hezky, jinak chčije a je hic --> prostě Sajgon",2016-06-28,,,,3,,,,,
728,vlhká,Horší kotvení. Skála šrot a keříky. ,Česká Republika,Hlavní město Praha,Hlubočepy,70,15,Lukáš Černý a spol.,Pro kamaráda Tomáše Urbana který snámi nemohl protože má zlomenou nohu. Turbo - Turboš - Luboš!,2016-01-10,,,,3,,2022-10-22 17:07:56.928,2022-10-22 13:33:39.333,,1
734,Kurvínek a ruměnka,"<p>Od hradu Kost př&iacute;mo do Plak&aacute;nku a za mostkem rovně do kopce, jedn&aacute; se o b&yacute;val&yacute; lom<\/p>
",,,,16,25,"Peeto, Kaštan, Kolouch","",2016-08-11,,,,1,,,,,
722,Časoprostor,Nejdelší highline v Alkazaru. Kwjetův projekt.,Česká Republika,středočeský,Srbsko,108,40,"Jakub ""Kwjet"" Hanuš","",2015-05-09,,,,3,,2022-10-22 12:22:10.804,2022-10-22 12:22:10.797,,1
733,Domací Stromajda,"Sedíš v parku u lognline a říkáš si že tě ty longline už moc neberou. Ale že nemáš kde tahat highline protože na skály se nemáš jak dostat. A tak čučíš do stromů jak blbej až tě to trkne. stromová midka 10 minut od baráku, jen tak cvičně.
Nic super ale přece nebudeš doma sedět když je tak hezky.
",Česká Republika,Hlavní město Praha,,12,7,Reaggi,"",2016-06-28,,,,1,,2022-10-22 12:35:31.640,2022-10-22 12:35:31.632,,1
735,Elfí karma,"Od hradu Kost přímo do Plakánku a za mostkem rovně do kopce, jedná se o bývalý lom. Obě kotvení strom.",Česká Republika,Český ráj,Kost,32,27,"Peeto, Kaštan, Kolouch","",2014-09-25,,,,1,,2022-10-22 12:39:56.585,2022-10-22 12:39:48.099,,1
727,Fishting,Pěkná midka při vypuštěné přehradě.,Česká Republika,Liberec,,30,5,štěp. & Barča,Ryba,2015-11-12,,,,0,,2022-10-22 12:42:45.272,2022-10-22 12:42:45.265,,1
737,Gotická,"Směr se nachází ve Skaláku mezi Majákem a Zelenáčem. Na obě věže pohodové (III) lezení. Při tahání věcí na Maják buď udělat mezistanoviště na balkónu, nebo mít druhé lano pro udržení báglů od skály, ať se neničí skála. Nejlépe tahat ve všední den (Maják je dost lezená věž) a rozhodně dodržovat všechna pravidla lezení a pohybu na pískovcích.",Česká Republika,Český ráj,Skalák,27,40,"Adam Z., Matty, Štěpinda, Barč","Napne-li se lajna podle popisu, tak při pohledu ze Zelenáče přímo kopíruje výraznou cestu ""Gotická hrana""",2016-08-25,,,,3,,2022-10-22 12:46:11.103,2022-10-22 12:46:11.098,,1
721,Jaan's Crossing,Lajna je situovaná v údolíčku mezi klasikami HippiePunk a Slackturn.  Obě strany obhoz. Celkem 16m spansetů (+hodně bandáží),Česká Republika,Ústecký,Ostrov - údolíčko,45,20,"","",2015-10-27,,,,3,,2022-10-22 13:00:08.838,2022-10-22 13:00:08.832,,1
736,Jizerýna,Další magická meta Jizerské Odysey na kopci Jizera v 1122 m.n.m.,Česká Republika,Liberec,Jizera,44,14,"Kolouch, Kaštan, Maty","Iseriny jsou drahokamy co se nacházely v Safírovém potoce na Jzerce apodle nich mají jizerky, potažmo Jizera svoje jméno... Nebo že by tomu bylo naopak? :)
 Kolouch",2016-08-11,,,,3,,2022-10-22 13:01:19.125,2022-10-22 13:01:19.116,,1
726,"Kamera jede, Akce!",Krátká lajna v krásném prostředí Satinských vodopádů,Česká Republika,Ostrava,,12,10,Zahradník Pavel,Během pnutí se nahrnulo 15 lidi od televize a točili nějakou reklamu,2015-09-17,,,,3,,2022-10-22 13:04:44.024,2022-10-22 13:04:44.017,,1
723,IPM,"Midka nad jezírkem u Jirkova. Je to strom - 2 stromy. Jedna strana se kotví u mraveniště za břízkou, druhé kotvení je od břízy vidět přes jezírko. Na druhé straně jsou 2 stromy, spansety (2m + 3m) mezi ně mají pěkný úhel a relativně dobře se tam zakládají kladky. (PS: Nechte si vyprávět od Štěpána T., když máte krátkou lajnu). Je potřeba 40+m lajna, 2× 2m, 1× 3m + lano na backup břízy pro jistotu :)",Česká republika,Liberecký,Český ráj (Jirkov),40,7,"","Skáčete do vody a vylejzáte plní pulců, jdete kotvit midku, odcházíte pokousaní od obřích mravenců. Pokud jdete kotvit midku potom co jste přeplavali jezírko je to Invaze Pulců na Mravence :)",2017-04-23,,,,0,,2022-10-22 13:07:10.690,2022-10-22 12:58:58.811,,1
732,Klepadlo,"<p>Přistup ke kotv&aacute;m je s krosnou po svejch až na m&iacute;sto, cca 150 metrů od parkovi&scaron;tě, Klepadlo je ta nejdel&scaron;&iacute; možnost co lom nab&iacute;z&iacute;.<br \/>
Možnost SPACELINE !!!<\/p>
",Česká Republika,Český les,,40,12,Jan Honzís Vít,Vyklepávka maximální,2016-06-28,,,,0,,2022-10-22 13:08:33.310,2022-10-22 13:08:33.297,,1
738,Zahrňte se,"<p>Př&iacute;jemn&aacute; hajlajna v oblasti Jetřichovicka.&nbsp;<\/p>

<p>Př&iacute;stup: Ve vesnici V&scaron;emily zaparkovat nejl&eacute;pe těsně před kempem U Ferdinanda (odbočka z hlavn&iacute; silnice u hospody těsně před kopcem). Pě&scaron;ky cca 1,5 km podel proudu Kamenice do v&yacute;razn&eacute; zat&aacute;čky s vysok&yacute;mi skalami zde před nimi&nbsp;uhnout doprava.<\/p>

<p>Kotven&iacute;: Je v&yacute;hodn&eacute; použ&iacute;t reepku pro přetažen&iacute;. Nejl&eacute;pe přehodit cel&yacute;ch 40m. Při nezdaru lze sl&eacute;zt do rokle, kter&aacute; je av&scaron;ak silně zarostl&aacute;.<\/p>

<p><strong>!POZOR!<\/strong><\/p>

<p>Dle pravidel NP:&nbsp;Na cel&eacute;m &uacute;zem&iacute; je zak&aacute;z&aacute;no zdol&aacute;v&aacute;n&iacute; voln&eacute;ho prostoru mezi skaln&iacute;mi objekty prostřednictv&iacute;m slackline.<\/p>
",,,,38,44,Turban a VLK,"Volný překlad anglického ""Get involved"", pozvánka do málo známého hajlajnového sektoru",2016-10-02,,,,4,,,,,
740,Požární poplach,"<p>Prvn&iacute; hajlajna v lomu Pož&aacute;ry na konci Prokopsk&eacute;ho &uacute;dol&iacute;. Určen&aacute; sp&iacute;&scaron;e pro pokročil&eacute; lajnery.<\/p>

<p>Parkov&aacute;n&iacute;: lze zajet až t&eacute;měř k lomu, ale pozor prvn&iacute; přes den otevřen&aacute; z&aacute;vora se večer skutečně zav&iacute;r&aacute;, tak raději parkovat před n&iacute;<\/p>

<p>Kotven&iacute;: Nutn&yacute; počet spansetů je cca 20 m + statiky na backup.&nbsp;Cel&aacute; oblast je velmi trnit&aacute; a zarostl&aacute;. &Aacute;čko nutnost&iacute; a reepka v&yacute;hodou.<\/p>
",,,,39,25,Turban a bůh,Když necháte auto v Požárech za zavřenou závorou vzniká poplach.,2016-11-27,,,,3,,,,,
744,Sardinky ve vodě,"<p>Lajna je v b&yacute;val&eacute;m dole V Doub&iacute; (49.8704989N, 14.5360247E), je to kousek od lomu Prosečnice. Cestou po červen&eacute;, po př&iacute;chodu a křižov&aacute;n&iacute; uhnout doprava, pak hned zase doleva. Po chvili bude nalevo obora. Pokud půjde&scaron; pod&eacute;l obory, doraz&iacute;&scaron; dolů do dolu. Takže to vem zprava někam nahoru a nějak to natref&iacute;&scaron;, žejo.<\/p>
",,,,33,17,"Vlk, Dawid",Měli jsme sardinky a dost pršelo. ,2017-04-17,,,,2,,,,,
745,LSD,"<p>Pravděpodobně se stav&iacute; policie.<\/p>
",,,,50,10,Lukš a Uhlík,"",2017-04-05,,,,2,,,,,
746,Matilda,"<p>Rychl&aacute; lajnička nad trat&iacute;. Kr&aacute;sn&eacute; m&iacute;sto s kamenn&yacute;m mostem přes čerstvě prok&aacute;cen&yacute; a vyči&scaron;těn&yacute; traťov&yacute; průsmyk. Snadn&eacute; parkov&aacute;n&iacute; na dohled na hlavn&iacute; silnici z Jilemnice do Harrachova - odbočka vpravo hned za železničn&iacute;m mostem. Pak přes most k lajně 300m. Nap&iacute;n&aacute;n&iacute; strom - strom, přes dva statn&eacute; smrky.<\/p>
",,,,22,8,HanZ,https:\/\/www.youtube.com\/watch?v=Q06wFUi5OM8,2017-04-05,,,,5,,,,,
748,Překrk,"<table>
	<tbody>
		<tr>
			<td>
			<p>Lajna je v b&yacute;val&eacute;m dole V Doub&iacute; (49.8704989N, 14.5360247E), je to kousek od lomu Prosečnice. Cestou po červen&eacute;, po př&iacute;chodu a křižov&aacute;n&iacute; uhnout doprava, pak hned zase doleva. Po chvili bude nalevo obora. Pokud půjde&scaron; pod&eacute;l obory, doraz&iacute;&scaron; dolů do dolu. Takže to vem zprava někam nahoru a nějak to natref&iacute;&scaron;, žejo.<\/p>
			<\/td>
		<\/tr>
		<tr>
		<\/tr>
	<\/tbody>
<\/table>
",,,,50,35,"Vlk, Dawid",Ultimátní ozvěna při pivním krku. Pracovní název: Přespolní krk.,2017-04-17,,,,3,,,,,
750,Midnigh train,"<p>https:\/\/mapy.cz\/letecka?planovani-trasy&amp;x=14.7642779&amp;y=49.0097046&amp;z=19&amp;rc=9h.oVxSpupKJQp&amp;rs=coor&amp;rs=coor&amp;ri=&amp;ri=&amp;mrp=%7B%22c%22%3A1%2C%22tt%22%3A1%7D&amp;mrp=%7B%22c%22%3A1%2C%22tt%22%3A1%7D&amp;rt=&amp;rt= Přesn&eacute; m&iacute;sto na map&aacute;ch, nach&aacute;z&iacute; se mezi dvema mosty na v&yacute;padovce na Jindřichuv Hradec<\/p>
",,,,25,9,Jirka Málek,první high\/mid line v Třeboni,2017-04-22,,,,0,,,,,
741,Mami to je sníh?,"Směr z Domečku do stěny kde je kotvení Krasu a za něj kotvit. Cca 12+ 3m spansetů, lano na slanění, 4 plakety.
",Česká Republika,Český Kras,Srbsko,90,35,Lukš a Uhlík,"Dole pod lajnou je nasráno, z dálky to vypadá jako sníh. ",2017-03-05,,,,3,,2022-10-22 13:26:33.548,2022-10-22 13:26:33.540,,1
753,TAKRAF,"<p>v nebliž&scaron;&iacute; době bude navrtan&aacute;.&nbsp;https:\/\/mapy.cz\/zakladni?planovani-trasy&amp;x=15.3790864&amp;y=49.2114711&amp;z=15&amp;base=ophoto&amp;rc=9im-sxTzuB&amp;rs=coor&amp;rs=&amp;ri=&amp;ri=&amp;mrp=%7B%22c%22%3A1%2C%22tt%22%3A1%7D&amp;mrp=&amp;rt=&amp;rt= Lajna se nach&aacute;z&iacute; v lomu Řasn&aacute;, pobl&iacute;ž zř&iacute;ceniny hradu &Scaron;tamberk<\/p>
",,,,25,15,Zbyšek a Jirka,viz foto,2017-06-18,,,,3,,,,,
747,Projektor,"CCa 4 + 10 spansetů. 
",Česká Republika,Královehradecký kraj,Adršpach,75,20,"Adam Zeman, Petr Voříšek, Peet",Dlouhodobý projekt beze jemnéna - Projekt - Projektor,2016-03-01,,,,3,,2022-10-22 13:30:16.674,2022-10-22 13:30:16.666,,1
749,Nestabilní podloží,"Lom nad Srbskem. Lajna vede v jeho zadní části. Jeden strom ve svahu a stáhnout o druhý a přes propast na hranu - tam je možností k ukotvení více - stromy.
",Česká Republika,Český Kras,Srbsko,75,30,Lukš + Uhlík,"",2017-04-22,,,,3,,2022-10-22 13:30:59.063,2022-10-22 13:30:59.057,,1
751,Zombie krtek !!!,"Kotvení na jedné straně stejné jako HL ""nestabilní podloží"" tj strom a o druhej ohnout. Druhá strana břízka a jiný menší stromek, společně vyvázat. 
",Česká Republika,Český Kras,Lom u Chlumu,70,30,Lukš,"Na místě byli jeskyňáři - krtci, a pak sem našel lebku Kozy - zombie.",2017-05-01,,,,2,,2022-10-22 13:32:34.941,2022-10-22 13:32:34.933,,1
739,Lžíce,"Druhá hajlajna v lomu Požáry na konci Prokopského údolí. Určená spíše pro pokročilé lajnery.

Parkování: lze zajet až téměř k lomu, ale pozor první přes den otevřená závora se večer skutečně zavírá, tak raději parkovat před ní

Kotvení: náročnejší kotvení je dáno nutným minimálním počtem spansetů (celkem 24 metrů + statiky na backup) a pečlivým zvážením zdali je daný keřík dostatečně pevný. Celá oblast je velmi trnitá a zarostlá. Áčko téměř nutností a reepka výhodou.
",Česká Republika,Hlavní město Praha,Prokopské údolí,64,25,"Turban, Vlk a Stařec",Kdo si zapomene lžíci ten si jí musí vyrobit!,2016-12-10,,,,3,,2022-10-22 13:37:05.663,2022-10-22 13:37:05.654,,1
754,Protože bagr,"<p>v nebliž&scaron;&iacute; době bude navrtan&aacute;.&nbsp;https:\/\/mapy.cz\/zakladni?planovani-trasy&amp;x=15.3790864&amp;y=49.2114711&amp;z=15&amp;base=ophoto&amp;rc=9im-sxTzuB&amp;rs=coor&amp;rs=&amp;ri=&amp;ri=&amp;mrp=%7B%22c%22%3A1%2C%22tt%22%3A1%7D&amp;mrp=&amp;rt=&amp;rt= Lajna se nach&aacute;z&iacute; v lomu Řasn&aacute;, pobl&iacute;ž zř&iacute;ceniny hradu &Scaron;tamberk<\/p>
",,,,48,15,Jirka a Zbyšek,"",2017-06-10,,,,4,,,,,
757,Královská disciplína,"",Česká Republika,Královehradecký kraj,Adršpach,100,30,"Malafa, Tom",Lajna vede na věž Král,2017-08-22,,,,4,,2022-10-22 13:13:21.841,2022-10-22 13:13:21.834,,1
712,Kumáré Sútra,"Krásný směr vychází z hrotu (2x12mm nýt s podložkou a matkou, 2m spanset) od vrtané strany (napravo) highlajny Pondělní vlhká! a směřuje na logické místo do zadní stěny pod stromečky(3x 12mm nýt s podložkou a matkou, 3m spanset). Do stěny je třeba opatrně slanit(35m) ze stromů až nad lomem. Na slanění dolů od kotvení(20m) po sundání lajny by tam mělo být nechané závitové oko. Oko i všechny matky a podložky vždy zanechejte pro další lidi. Lajnu přehazujte od hrotu a pak vyneste po fixnim laně do stěny. Pokud jeste neznate takzvane ""sliding X"" kotveni, neboli spravny a bezpecny zpusob kotveni highline z nekolika nejtů, kouknete sem: http://www.balancecommunity.com/knowledge/sliding-x-anchor/ .
",Česká republika,Středočeský kraj,Srbsko,29,14,Píďa & Lukáš,"",2014-08-08,,,,1,,2022-10-22 13:15:00.141,2022-10-22 13:15:00.130,,1
763,Projekt 135,"Super projekt pod vyhlídkou Máj. Jedna strana spíše ve svahu, druhá pěkně na ostroh. Skvělý prostředí, překvapivě vysoká lajna. ",Česká Republika,Český Kras,vyhlídka Máj,135,60,Saša a Tom Lustyk,"",2017-11-18,,,,5,,2022-10-22 13:18:37.127,2022-10-22 13:18:37.118,,1
767,Máma to viděla,"<p>Zachumlan&aacute; v lese a čase...<\/p>
",,,,25,10,Petr Panoška,"Když napnete lajnu za domem, možná přijde i máma.",2020-01-08,,,,3,,,,,
756,Skloněná,"Pěkná lajna nad lomem Homolák, který je poblíž Prahy.

Příjezdová cesta: Za stávajících okolností lze přijet autem až téměř ke kotvení. Po silnici z vesnice Měňany odbočíme doleva na Suchomasty. Poté je odbočka vpravo (polní cesta se závorou). Cca po 100 metrech je otevřený sjezd na pole. Zde dojet až ke sloupu od el. vedení. Odtud po cestě směrem k lesu. Je vhodné použít repku a  umět plavat.

Netahat v rušné koupací sezoně!!!

Svah se na obou stranách bortí a velké kameny padají na cestu po které chodí množství lidí. ",Česká Republika,Český Kras,Homolák,150,30,"Turban, Bůh",Hajlajna je dost z kopce. Cca o 5 metrů.,2017-10-05,,,,3,,2022-10-22 13:19:46.637,2022-10-22 13:19:46.631,,1
769,Pečbuřťácká,"<p>Kr&aacute;tk&aacute; lajna přes zatopen&yacute; lom.<\/p>
",,,,26,7,"","",2020-05-16,,,,0,,,,,
764,Hell Hypnosis,je zapotřebí dron a nebo olympionik v hodu granátem. vysoký exhibicni faktor.,Česká Republika,Olomoucký kraj,Teplice nad Bečvou,45,68,Pavel Zahradnik\/Dalibor Stepek,"",2018-02-03,,,,0,,2022-10-22 12:50:31.294,2022-10-22 12:50:31.286,,1
768,Horymír,"HL
",Česká Republika,Hlavní město Praha,Vyšehrad,70,15,"Ondra Málek, Fíďa",Šemík potřeboval souputníka,2020-04-16,,,,5,,2022-10-22 12:54:46.292,2022-10-22 12:54:46.285,,1
759,John F. Kennedy,"Náročné přetahování. Kuš, dron ... výhodou.",Česká Republika,Český Kras,lom Malá Amerika,80,40,Luky a Adam,Dle prezidenta,2017-10-14,,,,2,,2022-10-22 13:02:10.888,2022-10-22 13:02:10.881,,1
761,PROJEKT 190M,"",Česká Republika,Český Kras,lom Malá Amerika,190,40,Luky a Tom,"",2017-10-28,,,,3,,2022-10-22 13:20:27.899,2022-10-22 13:20:27.893,,1
760,PROJEKT 230M,Černý důl ,Česká Republika,Krkonoše,Černý důl ,230,90,Tom Valenta a Luky s Prckem,"",2017-10-12,,,,3,,2022-10-22 13:22:21.717,2022-10-22 13:22:21.710,,1
770,Permanentní plechový pinďour,"MIDKA
SUMO s Drakem
Lajna je napnutá celoročně backup spíš pro pocit.
Kdybys chtěl přijet volej nebo piš.
!!!Každopádně na vlastní nebezpečí!!!
",Česká Republika,Středočeský kraj,Kralupy nad Vltavou,78,12,"Plech, Pinďa s pomocí Ondry Málka",Radši ne :D,2019-06-03,,,,2,,2022-10-22 13:28:49.346,2022-10-22 13:28:49.340,,1
772,"Země, vzduch, oheň, voda","Anička si tuhle lajničku vyhlídla a naplánovala její napnutí na křest své knížky ""Od slackline k tiché radosti"". Lajna vede hned vedle cesty, takže je suprově přístupná a divácky atraktivní.
",Česká Republika,Český ráj,Klokočí,58,25,"Anče, Pája Kratochvíl, Vojta Štursa, Petr Panoška",Anička pokřtila svojí knížku všemi 4 elementy.,2020-06-20,,,,3,,2022-10-22 13:40:29.466,2022-10-22 13:40:29.458,,1
773,Stromy k zemi,"Nejvíc vystrčený směr v údolíčku před rybníkem. Přístup z turistické cesty, odbočit u info tabule.
",Česká Republika,Český ráj,Kost,56,25,"","",,,,,3,,2022-10-22 13:42:24.244,2022-10-22 13:42:24.237,,1
771,Sluníčko,"Poprvé lajnu tahali Luky Černý, Danny, Voříšek a Anička v roce 2015.

Tahle lajna je i mezi TOP 10: http://stara.emontana.cz/top-10-highline-cesko/

Taky se mrkni na tohle video z přechodu: https://www.youtube.com/watch?v=FY9c_vIHUIo
",Česká Republika,Český ráj,Skalák,55,50,"Luky Černý, Danny, Voříšek a Anička","Dle slov Lukyho Č. : ""Název Sluníčko dle výsmahu který jsme s Dannym na Kapelníkovi zažili.""",2015-07-08,,,,4,,2022-10-22 13:43:41.167,2022-10-22 13:43:41.159,,1
777,Vodní lama,"<p>Lehce př&iacute;stupn&aacute; midlajna nad vodou v lomu Pětka nedaleko Lipnice nad S&aacute;zavou.<\/p>
",,,,45,10,"Vojta Čermák, Pája Kratochvíl, Anet Bučková, Hugo Vlach, Petr Panoška",Doprovázela nás nafukovací lama.,2020-08-08,,,,2,,,,,
779,Meet the cactus,"<p>Lajna nad lezeckou oblast&iacute; v Aricu, hned u parkovi&scaron;tě.<\/p>
",,,,30,20,Wojtek Dopierała,Poznáš při napínání!,2015-01-01,,,,3,,,,,
780,Vlhký Labužník,"",,,,19,7,"Aneta, Hugo, Lenka, Jana","Napínala crew highlinových labužníků, kterým v Botičském potůčku skoro uplavaly cajky (čepička a termo-kalich).",2021-01-09,,,,4,,,,,
778,Mňamka,"",Česká Republika,Hlavní město Praha,Divoká Šárka,150,50,"Ondra, Jean, Káťa",poprvé napnutá na Candy. (možná i první hl vůbec na tomhle popruhu?),2020-11-25,,,,4,,2022-10-22 13:19:01.001,2022-10-22 13:19:00.994,,1
786,Zamávej strojvedoucímu,"<p>Lajnička v m&iacute;stě, kde jsem se nem&aacute;lo nachodil, najezdil vlakem a kam se vždy r&aacute;d vrac&iacute;m. Mor&aacute;lověj&scaron;&iacute; lajna pro milovn&iacute;ky vlaků. Každop&aacute;dně, mělo by to b&yacute;t dost vysoko.<\/p>
",,,,50,15,"Petr Panoška, Prokop Schmid, Káťa Bambasová, Vojta Čermák","Co udelas, kdyz se ti k noham blizi mala motorova lokalka? Otocis se do expozice, usmejes se a udelas strojvedoucimu lepsi den. Zustanes vsak pri tom dostatecne vysoko... :-)",2021-05-30,,,,3,,,,,
787,Zpátky ke kořenům,"<p>Pozor při sestupu na obou stran&aacute;ch, někter&eacute; vzdu&scaron;n&eacute; kořeny jsou slab&eacute; a kraje se sypou. Pařez vypad&aacute;, že se každou chv&iacute;l&iacute; rozpadne, ale drž&iacute;!<\/p>
",,,,15,10,"Petr Panoška, David Novotný","Na týhle lajně zjistíš, jak důležitý je mít tuhý kořínek. Lajna též známa pod názvem ""Kořenová bába"" nebo ""Ani to nezapraskalo"".",2021-04-02,,,,1,,,,,
782,Projekt 100,"",Česká Republika,Kladno,Vinařická horka,100,20,Petr Panoška,"",2019-07-05,,,,3,,2022-10-22 13:23:57.432,2022-10-22 13:23:57.425,,1
792,Špagetka,"",,,,39,20,"","",,,,,0,,,,,
793,Turbína,"<p>Možnost napnut&iacute; od cca 25m do 40m<\/p>
",,,,40,7,"","",,,,,0,,,,,
794,Velkej mravenec,"<p>Ve &Scaron;krov&aacute;dě na Muč&iacute;rně naproti stěně s pneumatikou, (najde&scaron; ve&nbsp;&Scaron;krov&aacute;dskym průvodč&iacute;ku) Obě strany jsou vyči&scaron;těn&yacute;.&nbsp;<\/p>

<p>&nbsp;<\/p>
",,,,30,13,janes,Nastupujueš asi metr vedle dost živýho mraveniště. ,2021-04-10,,,,3,,,,,
752,"140 Z leva Z prava","",Česká Republika,Český Kras,Lom u Chlumu,155,30,"Lukš, Mišo, Voříšek",Nejdřív jsem si myslel že je to 140m dlouhé - název dle písničky - Smack: 140. ,2017-05-03,,,,2,,2022-10-22 11:43:09.849,2022-10-22 11:43:09.843,,1
698,"28kHz","Kratší směr u Electro boogie blíž k masivu. Na menší věžičce tak 7m spansetů, na věži u EB 6m spansetů.",Česká republika,Ústecký kraj,Ostrov,29,25,Píďa,,,,,,3,,2022-10-22 11:44:08.703,2022-10-22 11:44:08.691,,1
673,"3.14",Vedle Zoufalcovi touhy. Z bližšího kotvení zouflacovi touhy naproti na převislý výstupek. Obhoz 6m a 6m. ,Česká republika,Ústecký kraj,Ostrov,28,20,Lukáš Černý,,2013-04-26,,,,2,,2022-10-22 11:44:59.907,2022-10-22 11:44:59.896,,1
785,"3 metry Sherwoodu","Pravděpodobně se jedná se o ""nejmíň hezkou"" lajnu v oblasti.",Česká Republika,Kladno,,20,10,"Petr Panoška, Martin Šimůnek","Švermov, část Kladna kde se lajna nachází, získal přízvisko Sherwood. Legenda praví, že v sherwoodském lese nebylo vždy úplně bezpečno. Podobně je tomu i na této lajně...",2021-03-28,,,,1,,2022-10-22 11:47:39.132,2022-10-22 11:47:39.123,,1
758,"ACAB, chudák Zapadlo","",Česká Republika,Liberec,,60,15,"Luky, Tom, Jirka na projektu Fi",Vyhodili nás policajti a Zapadlo si nepochodil :\/,2017-11-18,,,,1,,2022-10-22 11:48:53.366,2022-10-22 11:48:53.354,,1
762,Agustín Cosme Damián de Iturbi,"",Česká Republika,Český Kras,lom Mexiko,55,50,Luky a Tom,Dle Mexického presidenta,2017-10-22,,,,2,,2022-10-22 11:50:33.822,2022-10-22 11:50:33.816,,1
784,Projekt 85,"",Česká Republika,Kladno,,85,15,"","",,,,,0,,2022-10-22 13:24:51.496,2022-10-22 13:24:51.486,,1
790,Aniččina loužička,"Schovaná spíše midlajna v krásném prostředí. Z hrotu vedle věže Áňa přes paseku k buku. Prvních 5m nemá buk větve, výš už se leze dobře. Nástup ze strany hrotu je v pohodě, jen je lepší prvních cca 10-15m nechodit kvůli kamenům pod lajnou. ",Česká Republika,Liberec,,55,10,Matěj Tobiáš,první přechod padl v brutálním lijáku,2020-10-25,,,,3,,2022-10-22 11:54:32.775,2022-10-22 11:54:32.767,,1
781,"Až uvidíš ty spansety, tak se posereš!","Lajna, která je fajn spíš na hamakovou seanci při západu slunce. Budeš potřebovat víc metrů spansetů než je délka směru, A-frame na obou stranách a v rámci bezpečnosti to řádně narvat. Nejkratší možný směr v oblasti.
",Česká Republika,Kladno,Vinařice,50,8,"Kačka Zíková, Pavel Kratochvíl, Martin Donát, Petr Panoška",Napni to a uvidíš!,2021-03-06,,5,90,1,,2022-10-22 11:56:01.697,2022-10-22 11:56:01.691,,1
789,Bakalářka v piči,"Lajna v horní části lomu pod Žulovým vrchem. Dá se chodit v podstatě celá, neb skála padá hned za stromy bezpečně hluboko. Z bodu 2 je příjemný nástup a napínání. Spansety 2m na každé straně stačí, přidávali jsme cca 2x3m na backup. ",Česká Republika,Liberec,,23,10,"Matěj Tobiáš, Voyta Fík",prokrastinovat se musí efektivně,2020-05-20,,,,3,,2022-10-22 12:03:03.456,2022-10-22 12:03:03.449,,1
788,CVOK,"<p>Lehce natažiteln&aacute; lajna, d&aacute; se shodit z bodu 1 a k borovici na druh&eacute; straně vyt&aacute;hnout &quot;kom&iacute;nem&quot;. Na jižn&iacute;m konci je&nbsp;cca 8m od konce lajny&nbsp;smrk&nbsp;vcelku bl&iacute;zko lajně, je dobr&yacute; vyv&aacute;zat kotven&iacute; bodu 1 k such&yacute;mu stromu, aby od něj lajna vedla d&aacute;l a vy se u něj neb&aacute;li padat. Spansety 2x3m bod 1, 3m bod 2.<\/p>
",Česká Republika,Kokořínsko,,50,15,"Matěj Tobiáš, Kuba Kácha","kdo ví, je šťasten",2021-04-25,,,,3,,2022-10-22 12:28:55.682,2022-10-22 12:28:55.673,,1
783,Dřevorubec,"Krásně schovaná a lehce napnutelná. Lajna se nachází v prostoru Motyčínské skály, kde dříve probíhala těžba pískovce. Oficiálně je sem vstup zakázán z důvodu eroze. Pohyb po cestičce u okraje skály raději omezit.
",Česká Republika,Kladno,,35,10,"Martin Donát, Petr Panoška",Někdy je potřeba zbavit les mrtvého dřeva a někdy zase místo pro nový směr.,2021-03-19,,,,2,,2022-10-22 12:37:00.621,2022-10-22 12:37:00.615,,1
791,Projekt 90,"",Česká Republika,Kladno,Vinařická horka,90,15,"Petr Panoška, Adam Janata","",2021-05-14,,,,3,,2022-10-22 13:25:39.478,2022-10-22 13:25:39.471,,1
566,Alter Weg,"První oficiální highline v Česku.Přes svojí nevelkou délku a výšku je ovšen velice nebezpečná, zvlášť na krajích může po pádu do odsedky dojít ke kontaktu se skálou. Vzhledem k její snadné dostupnosti a rychlý montáži láká k nácviku pro hajlajnové začátečníky. Doporučuju proto používat přilbu a nastupovat v bezpečný vzdálenosti od okraje.",Česká republika,Ústecký,Ostrov,15,15,Kolouch,"Smolda tuhle lajnu napínal s Jelenem jako jednu z prvních hajlajn v ČR. První opakování a první FM bylo v roce 2008. 
Název Alter Weg (Stará cesta) koresponduje s lezeckou tradicí Ostrova, kdy většina prvních výstupů na věž nesla právě toto jméno. (Q)",2007-07-20,,,,1,,2022-10-22 11:53:21.231,2022-10-22 11:53:21.221,,1
680,babiččinno oudolí,"kotvení za 3 stromy ..jedna strana kotvení do v 7,5 spansetu na druhé 50..dá se přenést a natáhnout v 1 lidu",Česká republika,Hlavní město Praha,Praha 4,50,11,"",,,,,,0,,2022-10-22 11:57:08.606,2022-10-22 11:57:08.597,,1
645,Baby highline,Highline v lezeckým free campu v Margalef. Příjemné spestření při rest dayi. Kotvení i back up za dva nýty M12,Španělsko,Katalánsko,Margalef,10,7,Frantíci,,2012-02-16,,,,1,,2022-10-22 11:57:28.719,2022-10-22 11:57:28.711,,1
725,Babylonské kvítí,"Lajna se taha přes né moc frekventovanou silnici kousek od vesnice kvítkov ( je tam i zastavka ) na Leve strane kotveno od stromu u krereho je radoby sesunuta puda a je tam parez cca 1m nad zemi a na druhe strane si vyber nakej peknej strom kteremu budes verit a dej to tam aby to bylo rovne me to vychazelo tak 4-5 m vysoko...(tadle strana je trochu nepadaci tak si dej pozor) na mape sem to oznacil spis jen orientacne.
",Česká Republika,Kokořínsko,Kvítkov,24,14,Plech,"Babylonské kuli rozvodně Babylon, kterou sem tam stavěl a kvítí protože je to u zastávky Kvítkov",2013-09-18,,,,0,,2022-10-22 12:00:35.712,2022-10-22 12:00:35.702,,1
693,Bájné zvíře Kundapták,"V zadní části Plakánku za pravotočivou zatáčkou od Kosti údolíčko mezi skalami, kotvení strom-strom. Pěknej směr i s dobrou výškou. Pod lajnou trochu humus, ale dá se propojit. Strom blíž Kosti je lepší pojistit nějakou lajnou na ráčnu. U toho stromu bylo taky 2013 vosí hnízdo, tak opatrně.
",Česká republika,Středočeský kraj,"Kost, Plakánek",38,25,"Kernerski, Jindra, Kaštan","",2012-09-29,,,,3,,2022-10-22 12:01:35.259,2022-10-22 12:01:35.253,,1
755,Bechyňská duha - long,Nejdelší ale zároveň nejnižší směr na mostě zvaném Duha v Bechyni. Kotvení za nejnižší pčíčný sloup. Na ten se člověk nejlépe dostane přehozením lana a vyjumarováním. ,Česká Republika,Jihočeský kraj,bechyně,84,15,"Lukš, Mišo, Jirka, Zbyňda,Trip",Podle názvu mostu.,2017-07-17,,,,4,,2022-10-22 12:04:41.469,2022-10-22 12:04:41.454,,1
589,Blueberry Jungle,"pěkná pralesní hajlajna na skrytým místě, kotvení strom - věž, na věž vede cesta cca za VI (ale není na ní kruh ani slaňák) obvod věže cca 7-8 m",Česká republika,Královéhradecký,Supí skály - Bišík,32,15,česko-německý team :),,2010-08-02,,,,2,,2022-10-22 12:14:01.253,2022-10-22 12:14:01.246,,1
614,Bob a Bobek,"Ideální hajlajn do startu highkariéry. Malá expozice, rozumná dýlka. Na věžičku 2m spanset kolem výběžku u slaňáku, na větší skalce obhození hrotu navrchu a podložení nějakým dřevem pro vyrovnání. Duťák doporučen...",Česká republika,Ústecký,"Ostrov, Himmelreich",15,10,Kwjet,,2010-10-09,,,,1,,2022-10-22 12:14:32.708,2022-10-22 12:14:32.697,,1
636,Bullshit,"Lajna na německé straně, na masívu obhození bloku za spárou 3m spansetem + 2m spanset na hranu, na protější věžičce 10m spansetů pod vrchol a vytažení nahoru 2m spanset + něco na dojištění. Slušná díra, ale rostou tam stromy, takže expozice více do údolí než pod lajnou.",Německo,Sasko,Ostrov,13,24,"Peeto, Jindra",,2011-08-21,,,,2,,2022-10-22 12:14:51.413,2022-10-22 12:14:51.404,,1
743,Chladný špek,"docela pěkná urban lajnička mezi dvěma nevyužívanými mosty za Trojhalím, tolerováná hlídačema i PČR.",Česká Republika,Ostrava,,35,12,zelenyjan,chladný špek netřeba víc vysvětlovat. byla zima a špek.,2017-03-27,,,,4,,2022-10-22 12:23:46.086,2022-10-22 12:23:46.080,,1
663,Csukás (tvrdě),"Lajna vede od Alter Wegu paralelně s Planet Slackturn. Na S straně obhodit nos 3m plus přitáhnout k hodinám napravo dole. Na J straně obhodit balvan 3m, prodloužit 0.5m a podložit kládou ideálně. Milovníkům stromů doporučujeme otočení do expozice v polovině.",Česká republika,Ústecký kraj,Ostrov,26,16,"",,2012-10-22,,,,2,,2022-10-22 12:27:12.526,2022-10-22 12:27:12.520,,1
603,Důlnovesecká,"Midline co kamenem dohodíš od luxusního longline plácku ve Vesci. Lajna natažená nad starym lomem je ideální tréninkovka na 30+. Rychlá montáž, fajn spojení s longline poťapáním... 60m statiky na kladkostroj a bekap zároveň vyšlo napohodu. Smyce na stromy nejlíp 2m.",Česká republika,Liberecký,Liberecko,36,8,"Peeto, Michal",,2010-04-29,,,,1,,2022-10-22 12:38:03.754,2022-10-22 12:38:03.747,,1
766,Leonard Euler,"Druhý a delší směr nad Homolákem. Pravděpodobně lepší než 150. Je více v rovině a svah pod východním kotvením se tak nesype.

Příjezd. Parkovat lze na malé loučce (viz mapa). Odtud cca 5 minut po lesní pěšině. Poté co se mine posed a začne klesat se po levé straně objeví Homolák a u cedule zákaz vstupu je kotvení.

Ke spojení postačí dvě 100m reepky. Homolák jde obejít z jihu. Hodit reepku z východního kotvení a obcházet Homolák po pěšině. Poté přitáhnout lajnu vodou k západnímu břehu Hom. a hodit reepku z druhé strany. Easy.

 V letní sezóně je lom plný k prasknutí, což může komplikovat natažení.

Fotky v galerii i s popisem.",Česká Republika,Český Kras,Homolák,201,35,"Turban, Bůh, Anča, Oříšek a Krutor z Jilemnice",Euler je považován za nejlepšího matematika 18. století a za jednoho z nejlepších matematiků vůbec. Je po něm pojmenováno více než 40 matematickofyzikálních jevů a nyní i highlajna (významná).,2018-04-21,,,,3,,2022-10-22 13:21:22.690,2022-10-22 13:21:22.684,,1
742,Minimax,"Supr tréningová midlajna na západním cípu Štvanice. Rychlý natahování. Nikdy nebyl problém se stížnostma. Jen si dávejte bacha na případný cyklysty a chodce , páč lajna jde přes cestu, ale jelikože je o 5m vedle druhej chodník, tak to není takovej problém. A bandáže na část lajny, která je nad hranou náplavky poviností!!!
",Česká Republika,Hlavní město Praha,Štvanice,70,7,Uhlíček,je to sice minimálně nízko ale maximálně dlouhý v týhle oblasti =D,2017-03-09,,,,3,,2022-10-22 13:34:24.059,2022-10-22 13:34:24.050,,1
643,Fiamma,"Horská highline u jezera Albigna ve Švýcarsku, cca 2480 m.n.m. K jezeru Albigna (2200 m.n.m.) se dá vyjet lanovkou (cca 1000 výškových metrů) od dubna do půlky října, za 15 euro\/osoba..  Lajna vede ze Spazzacaldeiry na věž Fiamma.. Kotvení - nýty 12 mm - 2+1 na Spazzacaldeiře (plošina) a 2 nýty na Fiammě, jeden na levé straně a jeden na pravé straně, cca půl metru pod vrcholem (na bekap použít některé z lezeckých nýtů kolem).. Plakety netřeba, nechali jsme je tam :) Na Fiammu vede lezecká cesta po hraně, cca 6 UIAA, 4-5 nýtů.. Lajna se dá spustit z Fiammy a vyjít s ní ke kotvení na Spazzacaldeiře.. Od přehrady Albigna na vrchol je to cca 20-30 minut, cestička prošlapaná, ale dá se lehce zabloudit.. U Albigny se dá bivakovat pod převisem (cca 3 osoby) jinak venku, ale pozor na masivní rosu :)",Švýcarsko,Graubünden,"jezero Albigna, Švýcarsko",26,20,SlackShop Team,,2011-10-14,,,,5,,2022-10-22 12:41:41.523,2022-10-22 12:41:41.515,,1
795,Na dně,Lajna v lomu Trhová Kamenice.,Česká Republika,Vysočina,lom Trhová Kamenice,65,10,"Pavel Kratochvíl, Peňa, Martin Jiroušek, Denča Krásná, Kačka Zíková, David Blažek",Původně jsme chtěli tahat lajnu v lomu Borek. Odtud nás vyhodil nějaký potapěč (mají to tam v pronájmu a zrovna tam měli nějaké cvičení). Tak jsme se jeli podívat do udolí Doubravy jestli by tam něco nešlo. A vyšla až poslední možnost v lomu u Trhové Kamenice.,2021-10-16,,30,60,2,2022-10-22 16:54:41.685,2022-10-22 16:54:41.685,,1,1
765,Fundamentální kámen,"Poslední z projektů v lomech Požáry. Směr pěkný, ale vyžadující cca 45m spansetů. 

Přetahování: lze hodit reepku z jižní strany a dole spojit. 

Přístup: busem z Řeporyjského náměstí a odtud pěšky (1 km). Popřípadě lze dojet po rozbité cestě až k lomu.

POZOR! Na severní straně je kotvení přímo nad výstupem ze štoly (která není moc vidět), kterou chodí do lomu turisti. Hořejšek plotny je úplně rozsypanej a kameny padají turistům přímo za krk a to nechceš! Řešením by bylo posnunout kotvení doprava (z druhé strany okolo keře) cca o 3m a tak nebudou kameny padat přímo na východ ze štoly. Popřípadě provizorně zahradit štolu (policejní páska?)

Fotky v galerii i s popisem.",Česká Republika,Hlavní město Praha,,86,25,"Turban, Ivos, Tomas",Bez hlubší logiky. Padaj kameny.,2018-03-21,,,,3,,2022-10-22 12:43:59.209,2022-10-22 12:43:59.200,,1
705,Hodinář,Hajlajn na začátku skal v srbsku. Kotvení dvoje provázané hodiny a obhoz.,Česká Republika,středočeský,Srbsko,40,20,Lukáš Černý a Jakub Trávník,"",2014-04-01,,,,3,,2022-10-22 12:52:08.969,2022-10-22 12:52:08.962,,1
